Grade,Short Run Emphasis (SRE),Long Run Emphasis (LRE),Gray-Level Nonuniformity (GLN),Run Length Nonuniformity (RLN),Run Percentage (RP),Low Gray-Level Run Emphasis (LGRE),High Gray-Level Run Emphasis (HGRE),Short Run Low Gray-Level Emphasis (SRLGE),Short Run High Gray-Level Emphasis (SRHGE),Long Run Low Gray-Level Emphasis (LRLGE),Long Run High Gray-Level Emphasis (LRHGE)
1,3.39E-05,31223.64737,42356.5574,1155.915242,0.751331329,0.941544844,24.62233154,3.20E-05,0.000468875,29228.55614,1319093.609
1,3.19E-05,32895.60386,48653.9868,1174.092531,0.858295441,0.943899929,7.564230717,3.02E-05,0.000154897,30922.89633,387228.2462
1,3.12E-05,34116.00394,39354.03076,844.4664867,0.692680359,0.944073336,37.68215834,2.96E-05,0.000703544,31946.27764,2038620.848
1,3.50E-05,32108.72005,42979.78572,737.8814726,0.745262146,0.950318217,26.74716286,3.34E-05,0.000508115,30349.5755,1437595.554
1,3.58E-05,29994.8531,54988.3498,1047.30752,0.941429138,0.956206279,1.19740564,3.43E-05,4.29E-05,28702.2943,35808.8658
1,3.52E-05,31089.7592,55241.1373,947.062891,0.941631317,0.95777161,1.21470836,3.37E-05,4.21E-05,29767.0104,38339.2756
1,3.48E-05,32467.0325,55066.5624,810.214236,0.933067322,0.959797045,1.42809135,3.35E-05,4.50E-05,31040.5036,52479.1109
1,3.57E-05,29837.5441,52864.9799,1061.38969,0.91765213,0.95070027,1.82909546,3.39E-05,5.47E-05,28362.6308,69639.7932
1,3.85E-05,29392.2563,55990.2938,908.417727,0.931922913,0.966775699,2.05499538,3.73E-05,6.03E-05,28364.4799,83718.2655
1,3.72E-05,29832.88679,46838.92865,698.8909598,0.786903381,0.962499761,20.56646995,3.59E-05,0.000396947,28540.91791,1097943.749
1,3.59E-05,31086.3912,57781.9967,867.79539,0.957443237,0.968711088,1.14383259,3.48E-05,4.09E-05,30113.1751,35724.3856
1,3.69E-05,30125.3141,56506.5169,925.755936,0.946266174,0.964542872,1.28374084,3.56E-05,4.48E-05,29022.3795,42006.6504
1,3.83E-05,29090.6303,57403.3968,936.489859,0.954544067,0.967341787,1.16646101,3.71E-05,4.41E-05,28128.6065,34610.5919
1,3.76E-05,29496.785,57509.4222,907.449766,0.956188202,0.96739854,1.14445951,3.64E-05,4.28E-05,28515.8685,33902.5321
1,3.54E-05,31279.47835,52339.31466,852.8990121,0.882965088,0.961443746,5.761844712,3.42E-05,0.000124874,29972.92277,288487.5876
1,3.31E-05,33950.29135,37378.23446,669.4186953,0.643257141,0.952673152,56.4156565,3.18E-05,0.001047141,32073.83192,3065160.073
1,3.64E-05,30098.4794,57868.5316,849.726368,0.9585495,0.968895518,1.13455189,3.53E-05,4.13E-05,29169.3781,34113.5554
1,3.79E-05,31194.8745,58242.2549,654.323618,0.956066132,0.972102773,1.22772504,3.70E-05,4.40E-05,30222.0799,41291.1871
1,3.49E-05,31510.3252,58182.6336,816.131127,0.960269928,0.970273328,1.12893815,3.39E-05,3.93E-05,30574.4655,35570.5818
1,3.34E-05,31747.6558,56681.1614,956.960303,0.951644897,0.963676798,1.15932222,3.22E-05,3.86E-05,30590.1424,36832.3483
1,3.57E-05,30503.9798,56829.5197,962.184413,0.952392578,0.964381615,1.15721128,3.44E-05,4.12E-05,29422.1349,35275.7478
1,3.63E-05,29317.6516,56299.5864,1213.02324,0.948856354,0.962144985,1.17264013,3.50E-05,4.25E-05,28206.8415,34496.9189
1,3.59E-05,33359.0661,57378.0973,745.198407,0.937648773,0.973722149,2.17357998,3.50E-05,5.92E-05,32419.172,95507.9965
1,2.90E-05,37344.3054,59363.4377,811.251416,0.967041016,0.975264881,1.10527521,2.83E-05,3.20E-05,36406.5297,41339.2006
1,3.31E-05,35448.1061,59478.4507,635.175015,0.967632294,0.975752236,1.10349275,3.23E-05,3.63E-05,34549.6421,39296.234
1,3.34E-05,35297.1818,59405.0613,702.867263,0.966270447,0.975792506,1.12351941,3.26E-05,3.70E-05,34411.3805,40204.325
1,3.46E-05,35894.06255,54647.49448,629.3356776,0.906299591,0.967676658,3.312813859,3.36E-05,7.82E-05,34548.59662,160743.3424
1,3.62E-05,33490.9115,59982.5052,690.171503,0.970474243,0.977861294,1.09368869,3.54E-05,3.95E-05,32739.4449,36669.2101
1,3.52E-05,33824.2012,59894.9423,731.902316,0.970096588,0.977475031,1.09463978,3.44E-05,3.83E-05,33044.7403,37105.191
1,3.48E-05,34602.4941,59459.956,621.82183,0.964031219,0.976908398,1.19193413,3.41E-05,3.97E-05,33737.6472,43440.3757
1,4.78E-05,30779.9409,59431.941,525.504193,0.964237213,0.976577517,1.15331758,4.67E-05,5.36E-05,29978.6643,37123.08
1,5.17E-05,28181.30137,50092.41353,390.4908759,0.830089569,0.967430145,9.800018898,5.03E-05,0.000215957,26965.15164,507623.801
1,5.25E-05,29717.21913,51224.46527,447.6943267,0.853790283,0.965204283,6.433311477,5.10E-05,0.000155679,28377.38629,324811.8009
1,3.22E-05,33819.1167,59576.4211,865.062655,0.968238831,0.976156661,1.10117377,3.14E-05,3.54E-05,33010.4402,37245.9155
1,3.28E-05,36064.95377,55808.44241,612.9933143,0.913352966,0.97307069,3.986942124,3.19E-05,8.86E-05,35012.43938,197833.2239
1,4.67E-05,32805.39501,52800.83816,446.5810574,0.875175476,0.967484754,4.935410522,4.56E-05,0.000120702,31387.6098,246770.4798
1,3.70E-05,31863.2587,59713.9462,736.758894,0.969039917,0.976736028,1.09828054,3.62E-05,4.05E-05,31110.4772,35045.3272
1,3.35E-05,33036.8416,59003.3233,799.288092,0.964981079,0.973750723,1.11237212,3.26E-05,3.72E-05,32164.6622,36768.9123
1,3.50E-05,32682.1874,59128.9094,780.022737,0.965847015,0.974260373,1.10881749,3.41E-05,3.88E-05,31836.7048,36259.3657
1,3.32E-05,34400.03012,48919.80135,591.8736544,0.810264587,0.968035828,16.67958302,3.22E-05,0.00032107,33168.55489,890746.5966
1,3.47E-05,38144.39267,46911.38066,512.118245,0.777057648,0.967630365,22.40312237,3.38E-05,0.000427038,36703.45691,1208694.699
1,3.37E-05,35120.4799,59527.9836,672.70594,0.967517853,0.976113153,1.1085669,3.29E-05,3.70E-05,34252.4367,39205.9811
1,3.26E-05,34003.583,59346.6522,796.438696,0.966972351,0.97519642,1.10538966,3.18E-05,3.59E-05,33150.4668,37631.4886
1,3.27E-05,34044.8685,59187.0304,853.38421,0.966079712,0.974509646,1.10837249,3.19E-05,3.62E-05,33166.7316,37782.0411
1,4.08E-05,30773.8244,59118.0936,622.226261,0.963638306,0.974872299,1.1420845,3.99E-05,4.54E-05,29911.2568,36400.1957
1,3.62E-05,31671.6774,58962.2742,813.70219,0.964797974,0.973577457,1.1129276,3.52E-05,4.02E-05,30838.2787,35239.6998
1,3.43E-05,32103.4479,59005.2414,847.089009,0.965106964,0.973737946,1.11152955,3.34E-05,3.81E-05,31259.7168,35683.6124
1,3.47E-05,33564.8484,59408.1373,731.275866,0.965579987,0.976046573,1.1393734,3.39E-05,3.86E-05,32720.6529,39214.6637
1,4.07E-05,33225.90469,52065.14617,488.9019901,0.86712265,0.96553468,5.189062338,3.97E-05,0.000118945,31754.95918,260857.2431
1,4.43E-05,35149.62759,46866.53504,471.0126698,0.793739319,0.958182108,8.825573256,4.30E-05,0.000189453,33186.38789,462283.0681
1,3.22E-05,36066.7059,59284.5862,701.100138,0.965431213,0.97532297,1.12679435,3.14E-05,3.57E-05,35127.973,41258.8505
1,3.02E-05,35602.4656,54919.8457,942.13961,0.939777374,0.956334676,1.22247091,2.89E-05,3.63E-05,33998.8615,44262.7138
1,3.14E-05,35478.8111,55258.4647,878.935602,0.943069458,0.957408909,1.1912615,3.01E-05,3.70E-05,33921.715,42479.9637
1,3.20E-05,35252.4835,54780.2763,971.938406,0.940319061,0.955203988,1.20113854,3.06E-05,3.79E-05,33624.8962,42584.5941
1,3.12E-05,35502.5777,55533.3168,948.773438,0.944664001,0.958667189,1.18550058,3.00E-05,3.65E-05,33970.6624,42393.8529
1,3.03E-05,36099.4961,54494.483,1017.64143,0.938137054,0.954036058,1.21124584,2.90E-05,3.62E-05,34371.2376,44077.2096
1,3.16E-05,34786.965,54233.6256,943.625355,0.936416626,0.952916331,1.22110193,3.02E-05,3.81E-05,33102.6813,42856.569
1,3.24E-05,34560.0433,54610.9937,868.042892,0.939044952,0.954508598,1.20691739,3.10E-05,3.87E-05,32935.4709,41969.7468
1,3.48E-05,32407.2961,59626.8589,754.084677,0.968578339,0.976361602,1.09983725,3.40E-05,3.82E-05,31627.7881,35708.5472
1,3.54E-05,31277.1131,59545.1618,804.108297,0.967983246,0.976051489,1.10227808,3.45E-05,3.90E-05,30530.1211,34461.2762
1,3.59E-05,31851.9234,59940.0684,767.497721,0.970298767,0.977681109,1.0941028,3.51E-05,3.92E-05,31138.531,34860.8641
1,4.00E-05,30589.6533,59885.8498,677.518533,0.969928741,0.97746336,1.09558018,3.91E-05,4.37E-05,29890.5464,33556.7726
1,3.32E-05,34065.1112,59616.0969,791.967894,0.968517303,0.976317566,1.10001334,3.24E-05,3.64E-05,33249.6288,37512.637
1,3.24E-05,34359.4406,59362.7144,801.100685,0.967033386,0.975274703,1.10527562,3.16E-05,3.56E-05,33495.8458,38038.5929
1,3.56E-05,34541.3289,46177.09312,455.678048,0.763027191,0.968595266,24.39330351,3.47E-05,0.000464212,33200.15835,1313877.506
1,3.46E-05,33706.5976,59360.3534,719.187679,0.966228485,0.975506135,1.11693373,3.38E-05,3.82E-05,32849.5806,38054.6427
1,3.27E-05,33994.36,59565.4499,849.753454,0.968280792,0.97609026,1.1006245,3.20E-05,3.59E-05,33178.2974,37427.1448
1,3.09E-05,35357.9732,59380.847,900.793316,0.967273712,0.97530795,1.10395919,3.02E-05,3.40E-05,34477.1176,39063.9838
1,3.11E-05,35028.9816,59289.2689,865.520066,0.96672821,0.974932255,1.10589718,3.03E-05,3.43E-05,34140.2917,38786.6672
1,3.37E-05,33193.1408,59591.6233,826.579403,0.968360901,0.976220174,1.10063195,3.29E-05,3.71E-05,32402.9733,36537.7062
1,3.35E-05,34074.8907,59699.2365,834.633616,0.968940735,0.976671534,1.09872488,3.27E-05,3.68E-05,33273.5663,37465.9621
1,3.50E-05,31978.5222,59587.8672,840.214529,0.968318939,0.97621068,1.10088556,3.42E-05,3.85E-05,31216.7788,35202.5967
1,3.79E-05,33244.288,58697.6938,619.811006,0.956428528,0.974869972,1.30657116,3.70E-05,4.52E-05,32297.4145,48220.0176
1,4.66E-05,31572.97801,54487.48811,444.8486568,0.891136169,0.972988775,5.224639995,4.55E-05,0.000126151,30506.93575,261164.7881
1,4.54E-05,30567.65894,44955.27966,428.5242575,0.743694305,0.968307045,30.97684617,4.42E-05,0.000595218,29343.23783,1669812.417
1,4.62E-05,30794.92404,48954.9682,513.6494784,0.817455292,0.964509606,10.72217498,4.49E-05,0.000226323,29373.18804,560923.5862
1,3.34E-05,33901.8466,59314.0455,760.835666,0.96680069,0.97505105,1.10585037,3.26E-05,3.68E-05,33041.23,37553.9498
1,3.16E-05,34548.8308,59454.0994,795.919765,0.967597961,0.975638987,1.10315346,3.08E-05,3.47E-05,33697.1292,38152.9916
1,3.44E-05,34468.6423,59213.8751,635.403309,0.960769653,0.976587731,1.29978608,3.37E-05,4.12E-05,33592.3587,49182.8434
1,3.17E-05,35214.4294,59681.3876,810.820982,0.968837738,0.976603238,1.09917716,3.09E-05,3.47E-05,34375.6928,38775.4643
1,3.33E-05,34253.4617,59863.9233,781.061018,0.969837189,0.977367389,1.09579211,3.26E-05,3.64E-05,33469.7508,37569.9598
1,3.11E-05,36792.4625,58391.1576,720.37661,0.960845947,0.971368433,1.13249569,3.02E-05,3.47E-05,35659.4679,42199.7211
1,3.17E-05,35603.6395,58835.2764,796.224021,0.961956024,0.973788318,1.16926654,3.09E-05,3.61E-05,34636.878,42895.0003
1,4.40E-05,29880.4792,59304.992,625.949003,0.963935852,0.975992499,1.19256714,4.29E-05,5.04E-05,29134.6902,38007.1951
1,3.80E-05,30163.9096,59828.2662,710.02599,0.969600677,0.977227958,1.09670825,3.71E-05,4.17E-05,29480.0483,33068.5823
1,3.90E-05,31123.3201,60624.0266,556.649701,0.973930359,0.980539595,1.08252142,3.83E-05,4.22E-05,30498.7417,33787.8524
1,4.20E-05,29539.7814,60131.0843,610.192934,0.970756531,0.978619253,1.09612992,4.12E-05,4.58E-05,28876.0554,32654.9147
1,4.23E-05,28594.5927,60202.9235,635.930022,0.97164917,0.978797741,1.08993412,4.14E-05,4.60E-05,27980.0899,31207.8365
1,4.19E-05,28963.3853,59625.124,646.838969,0.968536377,0.976359379,1.10002061,4.09E-05,4.60E-05,28273.8085,31885.8657
1,5.50E-05,32472.08214,47363.964,444.7027472,0.798744202,0.960059643,9.209107464,5.29E-05,0.000212213,30737.9799,480019.7649
1,4.78E-05,27678.9831,58628.6347,594.981847,0.954025269,0.975464861,1.49692333,4.67E-05,5.95E-05,26931.7837,52339.3467
1,4.22E-05,29129.8259,58862.6242,598.65763,0.962917328,0.973531729,1.13041056,4.12E-05,4.69E-05,28284.5681,33692.4729
1,4.09E-05,28935.4108,59529.9456,659.001831,0.967933655,0.975964916,1.10235676,3.99E-05,4.52E-05,28239.4743,31900.0444
1,3.58E-05,33416.6609,59242.2405,679.547034,0.966327667,0.974772021,1.10783673,3.49E-05,3.96E-05,32569.0206,37041.812
1,3.36E-05,33666.2321,58546.0521,766.061287,0.962291718,0.971846307,1.12203912,3.26E-05,3.76E-05,32723.3787,37749.5923
1,3.64E-05,31279.2173,59930.6442,682.832963,0.97013092,0.977641057,1.09513112,3.56E-05,3.99E-05,30578.564,34264.3547
1,3.64E-05,30839.9183,59502.8665,797.811272,0.967910767,0.97583132,1.10200148,3.55E-05,4.01E-05,30105.1001,33937.0173
1,3.78E-05,29914.7672,59039.1266,817.237666,0.965270996,0.973875999,1.11108622,3.69E-05,4.20E-05,29135.2098,33230.2608
1,3.60E-05,31279.2834,59954.5664,825.881433,0.970336914,0.977740794,1.09409678,3.53E-05,3.93E-05,30580.8912,34230.2827
1,3.54E-05,32700.7429,60152.0191,691.005252,0.971446991,0.978555589,1.09031736,3.46E-05,3.85E-05,31989.612,35701.441
1,3.71E-05,30742.0497,58904.1722,710.199335,0.95872879,0.975436287,1.3127974,3.62E-05,4.46E-05,29961.0725,45487.5124
1,4.20E-05,28621.8176,59578.3524,785.195914,0.968257904,0.976158621,1.10111243,4.09E-05,4.62E-05,27948.2577,31480.4188
1,3.84E-05,29316.6456,58718.436,855.662361,0.963512421,0.972509099,1.1169384,3.74E-05,4.28E-05,28523.5065,32684.4185
1,4.10E-05,28839.9126,58775.0541,766.151869,0.963699341,0.972779141,1.11676434,3.98E-05,4.58E-05,28074.2162,32121.2515
1,3.97E-05,29982.9561,59581.4964,785.635199,0.96830368,0.976182063,1.10074598,3.88E-05,4.37E-05,29269.0066,33000.8643
1,3.57E-05,31653.452,60061.8497,770.340502,0.970989227,0.978178395,1.09174392,3.50E-05,3.90E-05,30965.9153,34541.7092
1,4.12E-05,33938.126,58929.4683,576.134258,0.956932068,0.976258775,1.39016365,4.03E-05,5.05E-05,33072.6914,53461.102
1,3.71E-05,34933.3736,49175.06471,466.2976175,0.812286377,0.968747903,16.08367057,3.62E-05,0.000314253,33611.6543,859210.0498
1,5.30E-05,32137.87582,45196.14121,374.0647706,0.751861572,0.965606305,24.15251279,5.17E-05,0.000478676,30630.52711,1298308.17
1,5.93E-05,30588.2258,39350.12746,281.2456019,0.647521973,0.969505898,53.86238252,5.80E-05,0.001027653,29273.56353,2923643.765
1,3.32E-05,33603.787,59359.177,787.525138,0.967166901,0.975216078,1.10427614,3.23E-05,3.66E-05,32771.4379,37105.568
1,3.73E-05,31864.6152,59671.238,780.109484,0.968837738,0.976540435,1.09885507,3.64E-05,4.09E-05,31108.9837,35047.4448
1,3.67E-05,31425.6659,59659.2597,886.250025,0.968791962,0.976497815,1.09901919,3.58E-05,4.03E-05,30687.8471,34533.9937
1,4.09E-05,29827.993,59890.8422,741.793878,0.968967438,0.977818345,1.11351701,4.00E-05,4.50E-05,29151.7875,33761.04
1,3.98E-05,30342.6775,57854.3997,665.889352,0.941555023,0.975266568,2.07062126,3.89E-05,6.13E-05,29511.7312,86765.6116
1,3.56E-05,33091.045,59924.9621,655.384526,0.970123291,0.977630618,1.09501813,3.49E-05,3.89E-05,32319.7304,36375.8632
1,3.87E-05,32794.2882,58265.0322,588.317471,0.949687958,0.9747755,1.64048457,3.78E-05,5.22E-05,31888.1362,65851.6993
1,4.26E-05,34021.2322,56670.4084,502.425403,0.93132019,0.971182722,1.92007244,4.16E-05,6.14E-05,32812.7766,82850.1196
1,3.78E-05,31760.207,60360.7429,833.619989,0.9725914,0.979441,1.08655923,3.70E-05,4.12E-05,31108.341,34504.5994
1,3.42E-05,32929.8632,60411.3961,838.492258,0.972999573,0.979613924,1.0847833,3.35E-05,3.70E-05,32250.1179,35755.6759
1,3.48E-05,34195.0229,58817.7349,762.567995,0.960166931,0.974209058,1.1779878,3.39E-05,3.95E-05,33218.1941,42103.7671
1,3.36E-05,35573.1831,58015.592,777.675179,0.945114136,0.974867039,1.88653431,3.27E-05,5.13E-05,34603.5728,82396.9381
1,3.39E-05,35107.28821,53779.72405,653.5266877,0.882110596,0.97175282,8.076499676,3.31E-05,0.000164415,33960.15421,420906.195
1,3.90E-05,33779.40863,55352.44774,654.1394992,0.907039642,0.972346571,4.147006212,3.80E-05,9.84E-05,32712.93645,204211.334
1,3.40E-05,33493.03421,52110.36735,645.2742781,0.859119415,0.969886619,10.79950613,3.31E-05,0.000214506,32357.24034,567903.4279
1,3.25E-05,35356.8699,54555.04371,715.1010818,0.898780823,0.970175722,6.215670906,3.16E-05,0.000129185,34178.00612,319013.3896
1,3.28E-05,34278.2653,59816.536,752.328681,0.969615936,0.977163523,1.0964054,3.21E-05,3.59E-05,33480.5986,37655.8418
1,4.43E-05,30267.979,58160.049,581.134061,0.94304657,0.976640495,1.9806466,4.33E-05,6.43E-05,29450.3625,82026.0969
1,5.59E-05,28203.40309,55686.0561,432.7752579,0.915088654,0.971081308,2.673463744,5.46E-05,8.99E-05,27119.44433,117739.2127
1,4.93E-05,29446.83368,54867.48756,469.6214031,0.89749527,0.972849212,4.141379626,4.82E-05,0.000109339,28448.50672,199415.7003
1,3.89E-05,31258.5272,60073.8164,695.240876,0.971027374,0.978217682,1.09174731,3.81E-05,4.25E-05,30571.9801,34149.8038
1,3.69E-05,31962.2487,59634.0402,761.850564,0.9686203,0.976384381,1.09961261,3.60E-05,4.04E-05,31200.9008,35175.2066
1,3.16E-05,36205.1047,59226.9466,805.630136,0.966384888,0.974672881,1.10710562,3.08E-05,3.50E-05,35261.0372,40202.3429
1,3.16E-05,33834.4529,59853.14,928.16177,0.969867706,0.977294524,1.09542049,3.09E-05,3.46E-05,33061.6812,37081.8156
1,4.83E-05,30962.63781,48346.82988,558.0497328,0.790554047,0.973003887,22.09431656,4.70E-05,0.000436821,29984.3207,1183904.812
1,4.33E-05,30583.83722,47649.6545,614.3584121,0.783149719,0.970696593,20.69992415,4.23E-05,0.000405355,29473.53482,1107201.431
1,3.42E-05,31645.8914,60141.4143,925.402475,0.971439362,0.978512958,1.09019102,3.35E-05,3.73E-05,30969.2206,34482.3524
1,3.53E-05,31811.1008,60090.7694,897.736675,0.97095108,0.97835437,1.0929997,3.45E-05,3.85E-05,31107.7472,34878.6946
1,3.64E-05,31045.9287,60420.788,876.327023,0.97290802,0.979684353,1.08552273,3.56E-05,3.94E-05,30410.8281,33717.03
1,5.29E-05,28835.05283,53581.38429,541.1326593,0.878253937,0.972025256,7.071289087,5.16E-05,0.000166825,27804.24165,359162.7639
1,3.63E-05,31691.8052,60235.5221,801.057612,0.971961975,0.978905272,1.08843286,3.55E-05,3.94E-05,31014.3416,34534.0596
1,3.70E-05,31664.1152,60010.534,786.28015,0.970726013,0.977962941,1.09253253,3.62E-05,4.03E-05,30957.2723,34631.0917
1,4.09E-05,29638.2951,59788.6956,761.788916,0.969432831,0.977047364,1.09705992,3.99E-05,4.49E-05,28961.4222,32496.5881
1,3.48E-05,32407.2116,60129.643,798.830164,0.971343994,0.978472988,1.0906021,3.40E-05,3.78E-05,31704.2399,35366.7624
1,3.84E-05,32557.6594,59600.7488,716.072034,0.966121674,0.977039697,1.15317844,3.75E-05,4.30E-05,31766.8814,38972.6751
1,3.81E-05,32838.94872,56909.0341,663.1554914,0.93245697,0.972612321,2.316575804,3.71E-05,6.41E-05,31847.1315,102780.8239
1,3.73E-05,36013.03642,48112.52418,484.9601879,0.798942566,0.966863964,17.97897531,3.63E-05,0.000349404,34600.18897,964021.804
1,3.77E-05,30804.2311,59075.7848,730.153297,0.964336395,0.974425467,1.12883172,3.68E-05,4.19E-05,29978.2546,35420.6295
1,4.20E-05,34500.1848,57697.5712,565.173359,0.943195343,0.973524741,1.74011791,4.10E-05,5.80E-05,33471.0985,73247.9086
1,4.27E-05,31996.71376,56750.21251,514.9062253,0.924213409,0.974742335,2.7873857,4.17E-05,7.73E-05,31036.04066,128100.9756
1,4.02E-05,32452.1666,59298.2944,568.516298,0.962001801,0.976558038,1.19378322,3.93E-05,4.55E-05,31590.706,41288.793
1,4.19E-05,28416.7006,59816.7463,796.564795,0.969646454,0.977151686,1.09616108,4.09E-05,4.59E-05,27774.9427,31116.3549
1,3.94E-05,29732.4347,59571.1737,743.605011,0.968208313,0.976127631,1.10123259,3.84E-05,4.34E-05,29027.922,32713.837
1,3.96E-05,30361.1433,59067.2328,679.001892,0.96427536,0.974366385,1.1279823,3.86E-05,4.42E-05,29551.6687,34834.9917
1,3.57E-05,33200.2901,58337.224,631.590985,0.958465576,0.971795483,1.16657249,3.47E-05,4.09E-05,32218.3855,39862.3913
1,3.59E-05,31294.2201,59667.427,846.1872,0.96880722,0.976537941,1.09900205,3.50E-05,3.95E-05,30559.2425,34396.0985
1,3.37E-05,32464.5434,60028.0192,792.785392,0.970867157,0.978032199,1.09190488,3.30E-05,3.68E-05,31746.3435,35468.5711
1,3.42E-05,34881.002,59903.8128,751.35704,0.970108032,0.977520775,1.09470955,3.34E-05,3.74E-05,34079.4353,38260.8433
1,3.68E-05,31258.0266,60085.5384,806.336344,0.971115112,0.978278504,1.09132534,3.61E-05,4.01E-05,30577.1959,34118.0755
1,3.70E-05,32156.528,60128.2621,693.281646,0.971313477,0.978458711,1.09083258,3.62E-05,4.04E-05,31453.096,35126.7304
1,3.18E-05,36532.50812,48303.9645,490.7238659,0.80645752,0.964605694,15.25996298,3.09E-05,0.000293379,34979.19686,815724.0743
1,3.79E-05,29877.986,59672.9136,767.18725,0.968769073,0.976556755,1.09942832,3.70E-05,4.17E-05,29189.049,32795.9752
1,4.16E-05,28704.3783,59547.0835,804.138308,0.968082428,0.976029117,1.10163694,4.06E-05,4.60E-05,28027.9463,31567.296
1,3.77E-05,29379.32,58803.9973,860.197229,0.963905334,0.97288307,1.11583729,3.67E-05,4.21E-05,28594.8841,32725.697
1,3.98E-05,29309.7774,58923.3689,759.434882,0.964416504,0.973446267,1.11484702,3.87E-05,4.45E-05,28548.8167,32588.0378
1,3.27E-05,35483.56472,40129.53772,428.853311,0.682033539,0.957386172,44.43748279,3.15E-05,0.000827602,33671.20265,2411711.868
1,3.73E-05,31964.1679,60118.9828,585.909743,0.971229553,0.978429832,1.09120828,3.65E-05,4.06E-05,31262.3687,34937.7132
1,3.64E-05,32249.4142,59394.1196,613.910136,0.960201263,0.978012314,1.38654598,3.56E-05,4.50E-05,31516.123,51422.9509
1,4.04E-05,29642.234,59031.445,738.461726,0.963626862,0.974389853,1.14413654,3.94E-05,4.53E-05,28863.2946,34885.8645
1,3.66E-05,30624.7531,59130.6304,800.026285,0.965782166,0.974265263,1.10933354,3.57E-05,4.06E-05,29844.1355,33942.9009
1,3.74E-05,30618.5464,58458.6724,748.980978,0.961975098,0.971404939,1.1225266,3.63E-05,4.18E-05,29729.6695,34436.1869
1,3.15E-05,36971.64481,53676.06555,665.2879699,0.905353546,0.961107216,2.922830892,3.04E-05,6.80E-05,35321.43974,140197.9583
1,3.32E-05,35050.0163,57473.3023,669.635019,0.950508118,0.96925869,1.32309972,3.22E-05,4.08E-05,33899.9147,50453.2938
1,3.12E-05,35069.484,58575.5514,907.528739,0.962581635,0.971913215,1.12056135,3.03E-05,3.50E-05,34083.1236,39298.0234
1,3.12E-05,35385.7055,58979.7551,855.267035,0.96478653,0.973665442,1.11320891,3.04E-05,3.47E-05,34458.9246,39365.528
1,3.62E-05,33702.581,59113.0074,607.911025,0.959964752,0.976230619,1.37525084,3.54E-05,4.47E-05,32846.1051,52374.9923
1,3.06E-05,35479.9087,60296.4912,825.016847,0.97228241,0.97915755,1.0874337,3.00E-05,3.33E-05,34736.638,38599.4083
1,3.22E-05,35440.5228,60168.5993,695.67268,0.971500397,0.978646419,1.09034692,3.15E-05,3.51E-05,34673.4174,38698.0788
1,3.64E-05,34869.7933,59554.6806,505.387809,0.96099472,0.978585946,1.31105657,3.57E-05,4.32E-05,34009.3414,50600.3544
1,4.01E-05,33732.00688,57080.12606,502.2872343,0.927139282,0.975752279,2.739182609,3.93E-05,7.35E-05,32766.48061,127446.1196
1,3.89E-05,30561.8618,59744.7702,700.280658,0.968585968,0.977056889,1.10629935,3.80E-05,4.28E-05,29858.3386,34031.5842
1,3.52E-05,33984.3813,60084.5037,641.316086,0.971000671,0.978301995,1.09204157,3.45E-05,3.83E-05,33215.893,37261.9662
1,4.24E-05,31910.3345,58672.3156,497.413026,0.950855255,0.976943401,1.703881,4.15E-05,5.74E-05,31096.6521,68548.3531
1,3.89E-05,30929.4099,59496.0461,671.300846,0.967773438,0.975825539,1.10279464,3.80E-05,4.27E-05,30174.2293,34142.84
1,3.62E-05,32649.2752,60612.1032,630.981562,0.974040985,0.980453965,1.0815332,3.55E-05,3.91E-05,32000.3441,35354.761
1,3.62E-05,32572.8354,57969.7073,601.76703,0.943199158,0.975329598,1.86825587,3.54E-05,5.37E-05,31695.4566,78117.6544
1,4.44E-05,32559.4719,60621.3799,494.854967,0.97297287,0.980844787,1.09871583,4.35E-05,4.84E-05,31891.7529,36376.9266
1,3.33E-05,34651.74524,56093.24227,577.1296392,0.911575317,0.975760708,4.441970838,3.26E-05,9.75E-05,33749.00917,221335.6218
1,3.81E-05,32950.9628,58926.8058,559.477054,0.956287384,0.97653892,1.46515977,3.73E-05,4.84E-05,32124.5676,56492.5548
1,3.73E-05,32613.5089,60156.107,602.339299,0.971416473,0.978603865,1.09075517,3.65E-05,4.08E-05,31912.0951,35594.3535
1,3.81E-05,32716.1402,59324.7945,547.499212,0.966400146,0.975204479,1.10945465,3.73E-05,4.19E-05,31819.1569,36759.3508
1,3.49E-05,35096.34451,56204.27888,530.6945362,0.914417267,0.975166355,3.894015348,3.41E-05,8.91E-05,34103.18356,192035.4284
1,4.21E-05,31456.9201,59088.6683,549.466378,0.955127716,0.978031028,1.6026859,4.12E-05,5.53E-05,30722.5658,62483.169
1,3.18E-05,35112.4769,60021.2463,787.173589,0.970718384,0.978019388,1.09279041,3.11E-05,3.47E-05,34333.1629,38404.1339
1,3.14E-05,36261.6484,60146.1858,682.178585,0.971485138,0.978517244,1.08999995,3.07E-05,3.42E-05,35474.8034,39556.0458
1,3.61E-05,35542.5481,57842.8192,520.455853,0.945358276,0.973588073,1.57921949,3.52E-05,4.84E-05,34488.4595,65615.9418
1,3.89E-05,36175.72721,44979.29219,454.2671615,0.758247376,0.960295585,17.9988466,3.78E-05,0.000351043,34319.89088,965647.6734
1,3.47E-05,36209.95441,53641.22514,567.8805442,0.887523651,0.968606086,5.224502908,3.38E-05,0.000113238,34883.74473,265887.8201
1,3.13E-05,36721.6715,53708.21178,647.611956,0.89030838,0.968117074,5.604981319,3.04E-05,0.000116785,35467.86125,286779.5537
1,3.42E-05,33585.4889,59715.3133,653.550328,0.969070435,0.976727857,1.09815704,3.34E-05,3.75E-05,32804.0819,36887.5302
1,3.40E-05,34020.0211,59607.8382,662.449239,0.968357086,0.976303573,1.10094015,3.32E-05,3.75E-05,33210.0307,37466.7946
1,3.31E-05,33426.4252,58615.1951,749.458399,0.96251297,0.972188757,1.1227051,3.22E-05,3.70E-05,32475.8882,37687.0133
1,3.43E-05,32939.5789,58440.5475,724.308736,0.961711884,0.971381108,1.12391234,3.33E-05,3.85E-05,32002.4115,36991.0826
1,3.43E-05,33745.4085,59297.116,611.126392,0.966575623,0.975013631,1.10732979,3.35E-05,3.79E-05,32888.7393,37441.0686
1,3.91E-05,31131.1146,59177.5621,583.750211,0.965930939,0.974489026,1.10934238,3.82E-05,4.34E-05,30334.4685,34547.2063
1,3.20E-05,37197.349,58796.7217,610.977332,0.956718445,0.975403463,1.30170037,3.13E-05,3.88E-05,36235.5218,52079.5579
1,3.57E-05,35436.1104,40413.2668,414.871025,0.683784485,0.958718332,38.28819824,3.46E-05,0.000718253,33596.2251,2075401.62
1,3.46E-05,34159.86802,47483.34717,495.908945,0.784702301,0.968634267,20.71954135,3.37E-05,0.000396399,32921.1856,1111889.519
1,3.78E-05,32091.63106,56526.15162,599.6642045,0.921340942,0.974569256,3.251390563,3.69E-05,8.08E-05,31197.70967,153261.037
1,3.22E-05,35711.1826,59721.8923,657.180948,0.968536377,0.976929006,1.10519469,3.15E-05,3.54E-05,34869.5429,39691.3948
1,3.06E-05,37378.6183,60025.3097,698.012482,0.969825745,0.978334639,1.10586425,3.00E-05,3.35E-05,36541.1642,41713.2879
1,3.48E-05,34269.2138,59856.2536,625.496941,0.969734192,0.977339236,1.09637079,3.40E-05,3.80E-05,33476.1674,37639.5525
1,3.23E-05,36843.57823,47875.06494,530.0351762,0.789115906,0.969837796,21.24409604,3.14E-05,0.000403292,35605.47634,1143567.885
1,4.19E-05,33548.32184,55474.59517,466.3613978,0.909629822,0.971876191,3.021350713,4.09E-05,8.10E-05,32408.43925,142532.105
1,3.18E-05,35356.2544,59337.2703,757.82009,0.967018127,0.975137061,1.1048587,3.10E-05,3.51E-05,34479.6814,39048.4337
1,3.23E-05,37404.7092,58607.6895,635.860069,0.95785141,0.973767566,1.22938097,3.15E-05,3.76E-05,36310.7843,48523.8332
1,3.41E-05,36212.0572,58245.2803,579.476894,0.950252533,0.974284066,1.54620029,3.33E-05,4.54E-05,35182.2339,64531.0971
1,4.03E-05,29293.6013,56686.9657,643.84434,0.949581146,0.964370543,1.1923873,3.90E-05,4.69E-05,28174.8746,36170.8896
1,3.72E-05,31572.4917,56795.8392,660.408862,0.948200226,0.965685156,1.26557627,3.60E-05,4.46E-05,30441.654,42827.791
1,3.94E-05,29905.4758,56985.8816,663.026863,0.953186035,0.965121045,1.15463269,3.80E-05,4.54E-05,28860.6221,34540.5296
1,4.28E-05,30214.9419,56989.8992,567.53921,0.949676514,0.966294382,1.21761225,4.14E-05,5.00E-05,29116.2182,38824.5766
1,4.02E-05,30882.6608,57114.8194,582.566426,0.946804047,0.968342986,1.40300358,3.90E-05,5.02E-05,29838.1864,49964.9947
1,3.82E-05,28946.932,56979.9611,802.69989,0.953250885,0.965032847,1.15385142,3.69E-05,4.41E-05,27958.5671,33287.5188
1,3.79E-05,30235.2111,56959.8908,693.71851,0.953018188,0.965003463,1.1552645,3.66E-05,4.36E-05,29173.8188,34964.6977
1,3.49E-05,31965.4665,57141.6307,714.583222,0.954204559,0.965749376,1.15054585,3.37E-05,4.01E-05,30876.354,36753.6925
1,3.66E-05,30598.4037,56541.5124,709.739552,0.950523376,0.963143721,1.16444241,3.53E-05,4.26E-05,29469.3853,35653.1561
1,3.79E-05,29915.853,57747.1423,739.738235,0.957607269,0.968421742,1.13888502,3.67E-05,4.31E-05,28981.0938,34032.3849
1,4.20E-05,29841.273,56213.404,682.642041,0.934772491,0.967088146,1.94983586,4.07E-05,6.23E-05,28818.6573,78409.408
1,3.65E-05,33941.7833,57012.5325,599.53354,0.953487396,0.965190234,1.15309397,3.53E-05,4.18E-05,32730.3609,39290.8956
1,3.35E-05,33842.5915,55985.8878,735.29301,0.947238922,0.960678491,1.17654236,3.22E-05,3.93E-05,32517.1646,39792.4867
1,5.38E-05,30757.38106,46685.64695,386.4899132,0.780139923,0.964728275,22.9358352,5.22E-05,0.000458781,29496.58659,1228934.725
1,4.08E-05,30505.8554,57088.3204,625.067618,0.953540802,0.965634779,1.15442901,3.94E-05,4.69E-05,29462.1759,35197.5475
1,4.09E-05,32279.7939,54090.64581,477.1109792,0.885429382,0.972790437,6.035094648,3.99E-05,0.000134963,31286.37421,305873.1334
1,4.13E-05,30202.1882,56879.4821,748.252186,0.952529907,0.964645862,1.15727425,3.99E-05,4.74E-05,29146.9055,34894.5932
1,3.87E-05,32907.1323,58076.1568,592.353536,0.95954895,0.969839143,1.13176904,3.76E-05,4.35E-05,31909.0547,37260.6571
1,3.30E-05,33318.6864,54944.3588,776.35395,0.940311432,0.95618707,1.20537187,3.16E-05,3.97E-05,31871.5475,40095.0241
1,3.66E-05,32444.3908,59289.7883,602.054407,0.966625214,0.974968612,1.10667659,3.57E-05,4.04E-05,31627.2248,35928.4741
1,3.76E-05,30853.3648,59877.5992,658.442825,0.969978333,0.977410379,1.09503253,3.67E-05,4.13E-05,30172.6207,33711.1602
1,3.76E-05,30608.1779,59048.8089,639.604574,0.965274811,0.973936862,1.11122352,3.66E-05,4.19E-05,29823.5729,33955.3
1,3.95E-05,29254.1527,58405.1715,675.405332,0.96162796,0.971193429,1.12381206,3.83E-05,4.44E-05,28436.892,32760.6653
1,3.74E-05,30048.5196,57297.8934,680.915137,0.95507431,0.966443148,1.14750974,3.61E-05,4.30E-05,29067.0463,34347.3924
1,3.76E-05,29382.0204,57151.9592,771.245109,0.954246521,0.965804592,1.15046745,3.63E-05,4.35E-05,28426.0218,33569.6943
1,3.33E-05,34196.90616,49211.40116,564.1729473,0.829772949,0.961295996,12.57104229,3.21E-05,0.00024681,32772.51599,664708.2664
1,3.84E-05,30423.9417,59357.6626,687.208351,0.966911316,0.975249584,1.10603295,3.75E-05,4.26E-05,29683.5336,33588.9458
1,3.75E-05,30399.3215,59407.0944,679.675341,0.967269897,0.97545992,1.10452598,3.65E-05,4.15E-05,29673.077,33486.8327
1,3.95E-05,30345.3048,58566.903,659.145145,0.962562561,0.971884913,1.12044232,3.84E-05,4.43E-05,29504.5512,33935.07
1,3.68E-05,31655.4371,56048.8618,812.71611,0.947990417,0.960925219,1.17209669,3.54E-05,4.28E-05,30410.1014,37129.8584
1,3.70E-05,30872.3063,57192.4329,869.451089,0.95451355,0.965981072,1.14933142,3.58E-05,4.23E-05,29837.6912,35405.0968
1,3.36E-05,35636.2764,56955.0652,615.726338,0.943641663,0.968530041,1.51360752,3.26E-05,4.48E-05,34442.1908,61469.8158
1,3.51E-05,32311.8903,57745.6168,755.300357,0.957672119,0.968384616,1.13827323,3.40E-05,3.99E-05,31307.2247,36699.5448
1,3.55E-05,31602.0104,57589.2428,822.020257,0.956775665,0.967706525,1.14154306,3.44E-05,4.05E-05,30590.0957,36032.1646
1,3.46E-05,32245.566,57430.8286,833.984408,0.9559021,0.967036964,1.1443507,3.35E-05,3.96E-05,31210.1326,36764.3623
1,3.14E-05,35375.72649,55018.15276,709.2350461,0.911659241,0.968329634,3.663121429,3.05E-05,8.16E-05,34195.54381,178798.6913
1,3.72E-05,35837.80834,41385.00545,411.5602948,0.68951416,0.965062803,44.26056325,3.62E-05,0.000828846,34306.86315,2403002.95
1,3.40E-05,36769.34989,53034.16961,577.3143674,0.883903503,0.965530773,4.63560817,3.30E-05,0.000101811,35276.49183,234169.4213
1,3.93E-05,34674.8029,57146.8784,574.343264,0.949806213,0.96725496,1.22133654,3.83E-05,4.53E-05,33339.3152,44844.2914
1,4.40E-05,33838.06109,39001.97993,335.2858147,0.646198273,0.967087314,57.05440561,4.29E-05,0.001069814,32424.70868,3101504.079
1,3.80E-05,34377.07299,52432.31586,475.4700013,0.871459961,0.966509268,4.932995084,3.69E-05,0.00011153,32968.28735,247933.8363
1,3.85E-05,32227.75543,57633.40822,540.7093696,0.938110352,0.975225961,2.284661228,3.76E-05,6.38E-05,31344.8633,100547.3422
1,3.61E-05,32920.3934,59307.6268,706.519813,0.966648102,0.975041835,1.10679206,3.53E-05,3.98E-05,32084.8988,36499.1417
1,3.56E-05,33488.7657,58933.5012,666.196973,0.96452713,0.973472395,1.11428853,3.47E-05,3.94E-05,32569.7906,37450.6245
1,4.24E-05,33746.9491,59594.704,536.6365,0.968173981,0.976284408,1.10204268,4.14E-05,4.66E-05,32900.656,37420.1822
1,3.52E-05,34485.1223,57799.2631,644.675725,0.950279236,0.971462874,1.41488843,3.43E-05,4.44E-05,33409.0417,55148.162
1,3.32E-05,36722.32985,44772.25462,488.2999663,0.760601044,0.957485677,16.01319839,3.21E-05,0.000308688,34800.64536,857048.2146
1,3.39E-05,35807.0903,59515.9949,660.408767,0.96786499,0.97592325,1.10255843,3.31E-05,3.72E-05,34905.1705,39660.9913
1,3.37E-05,36870.395,58705.8767,636.127045,0.962608337,0.972697759,1.12562652,3.29E-05,3.75E-05,35794.2755,41965.3031
1,3.14E-05,37282.80674,55321.13231,622.6544535,0.923851013,0.965258888,2.217097819,3.04E-05,5.52E-05,35881.98307,101739.2407
1,3.23E-05,35471.3526,57650.094,674.739037,0.95708847,0.967977532,1.14053728,3.12E-05,3.66E-05,34317.9082,40550.9446
1,3.22E-05,33904.9305,57146.7251,807.682568,0.954147339,0.96580438,1.1511122,3.11E-05,3.69E-05,32741.4868,39051.1366
1,3.11E-05,34349.9845,56850.0602,903.200176,0.952487946,0.964491816,1.15664449,3.00E-05,3.59E-05,33139.3,39685.4927
1,3.32E-05,34243.5764,58582.0209,723.001178,0.959762573,0.972977401,1.19453652,3.23E-05,3.83E-05,33299.2511,42599.1188
1,2.99E-05,36662.6888,56840.4853,829.940483,0.952323914,0.96447163,1.15792201,2.88E-05,3.44E-05,35345.6256,42513.4031
1,3.07E-05,36126.7808,59119.4397,697.371695,0.965671539,0.974248439,1.10985585,3.00E-05,3.41E-05,35187.0888,40142.2864
1,3.09E-05,35350.6412,58254.9857,763.047927,0.960041046,0.970805152,1.13696737,3.01E-05,3.49E-05,34302.2134,40498.6132
1,3.24E-05,34183.7995,59018.925,728.705276,0.965034485,0.973829937,1.11231886,3.16E-05,3.61E-05,33293.4296,38005.2023
1,3.60E-05,34568.46139,54502.82621,556.5389226,0.908660889,0.965473474,2.449057175,3.49E-05,6.41E-05,33139.45355,111939.5866
1,3.23E-05,34321.7548,57948.9613,790.829737,0.958679199,0.969285841,1.13549253,3.13E-05,3.66E-05,33286.0429,38887.5163
1,3.94E-05,27865.0948,56470.473,962.14576,0.950065613,0.96289009,1.16651648,3.80E-05,4.60E-05,26867.744,32322.0944
1,4.06E-05,27456.4658,56328.2667,1029.96888,0.949356079,0.962233102,1.16863809,3.91E-05,4.74E-05,26449.6993,31938.4326
1,3.79E-05,29163.7554,56393.0299,939.573707,0.94965744,0.962528067,1.16770483,3.65E-05,4.42E-05,28091.2673,33957.5794
1,3.62E-05,31504.3022,56252.7159,806.156149,0.940670013,0.96498542,1.47596553,3.50E-05,4.74E-05,30368.5571,54122.2868
1,3.83E-05,32465.6607,57925.2602,810.590752,0.955478668,0.970323682,1.20543312,3.72E-05,4.45E-05,31489.2604,40897.1004
1,3.56E-05,32529.8744,58175.8369,812.595225,0.959499359,0.97042547,1.13597036,3.46E-05,4.00E-05,31525.6527,37303.6643
1,3.34E-05,32948.6456,57719.306,878.062581,0.957256317,0.968369344,1.14109579,3.23E-05,3.81E-05,31918.252,37532.9672
1,3.41E-05,32698.9331,58768.3137,850.387244,0.96370697,0.972750011,1.11663512,3.32E-05,3.80E-05,31818.4654,36457.8241
1,3.52E-05,32476.7705,59049.3862,728.826416,0.965209961,0.97395351,1.11167553,3.43E-05,3.92E-05,31638.2488,36063.8949
1,3.56E-05,32662.6999,59233.2333,742.725537,0.966209412,0.974723692,1.10833988,3.48E-05,3.94E-05,31826.2828,36248.363
1,4.18E-05,28595.02823,55772.85558,683.2042718,0.912288666,0.973247278,4.108898146,4.07E-05,0.000100971,27763.24359,196129.4838
1,3.97E-05,28942.4595,59160.598,878.083651,0.965866089,0.974419927,1.10936406,3.87E-05,4.39E-05,28204.3612,32105.1011
1,3.68E-05,30139.8856,58274.724,919.298178,0.960853577,0.970650507,1.12660889,3.58E-05,4.15E-05,29265.0212,33913.0274
1,3.71E-05,29757.3761,57585.909,1022.18235,0.956859589,0.967688071,1.14077142,3.59E-05,4.23E-05,28808.3599,33878.2721
1,3.61E-05,30973.0609,58598.2344,896.419201,0.962688446,0.972027764,1.12020097,3.51E-05,4.05E-05,30119.2973,34639.5554
1,3.53E-05,31199.5157,58961.1727,832.611473,0.96471405,0.973585757,1.11340728,3.43E-05,3.93E-05,30387.3097,34680.0074
1,3.68E-05,30958.2994,58945.5162,792.459321,0.96478653,0.973478384,1.11262995,3.58E-05,4.09E-05,30148.7232,34388.3566
1,4.39E-05,27212.2564,57781.512,793.903351,0.957935333,0.968544081,1.13712299,4.26E-05,4.99E-05,26379.0293,30823.5227
1,4.42E-05,27128.2398,58197.829,798.542595,0.960338593,0.970329214,1.12869263,4.30E-05,4.98E-05,26330.8166,30583.7437
1,4.50E-05,27011.3566,57571.0995,836.597613,0.95533371,0.968124898,1.1735882,4.36E-05,5.17E-05,26162.7418,32601.0029
1,5.41E-05,24263.8218,56776.3662,876.524479,0.951816559,0.964245677,1.160388,5.23E-05,6.22E-05,23421.2213,28033.1548
1,4.43E-05,25729.1618,57601.453,935.279113,0.95690155,0.967772083,1.14079497,4.29E-05,5.04E-05,24917.82,29262.6678
1,4.84E-05,24248.3966,56871.6893,851.574793,0.952587128,0.964605325,1.15655133,4.66E-05,5.59E-05,23421.2479,27898.0453
1,4.88E-05,24489.5938,57802.0003,867.247308,0.958209991,0.968610203,1.13566862,4.73E-05,5.54E-05,23745.5129,27693.0779
1,4.98E-05,25214.4625,56195.9609,736.256731,0.948230743,0.961740939,1.17413442,4.79E-05,5.85E-05,24312.2245,29288.4722
1,4.76E-05,25949.7772,56354.9138,668.56942,0.949073792,0.96245524,1.17133723,4.58E-05,5.58E-05,25023.2471,30156.2413
1,4.71E-05,26175.00268,50895.35764,623.5721357,0.859779358,0.960777711,8.258702291,4.53E-05,0.000184573,25101.53159,418711.8554
1,5.19E-05,22781.4604,56847.9485,780.399147,0.952266693,0.96450045,1.15830712,5.00E-05,6.05E-05,22021.2506,26150.255
1,5.61E-05,22238.0464,57156.3819,739.942158,0.953788757,0.965873614,1.15428956,5.41E-05,6.50E-05,21533.0304,25409.7325
1,5.66E-05,22805.672,58100.7204,657.586609,0.959445953,0.969909949,1.13320471,5.48E-05,6.46E-05,22166.1115,25611.4449
1,4.18E-05,30895.4889,58303.3333,680.662806,0.960914612,0.970742024,1.12695093,4.06E-05,4.70E-05,30005.826,34743.2112
1,4.13E-05,28218.385,58003.724,836.573029,0.95917511,0.96950989,1.13304262,4.01E-05,4.65E-05,27340.7696,32048.5512
1,4.01E-05,28083.7149,56037.3237,789.156612,0.947364807,0.961015598,1.17685015,3.85E-05,4.76E-05,27056.3661,32703.5853
1,3.96E-05,27819.1704,55547.5098,887.217116,0.944549561,0.958787904,1.18699401,3.79E-05,4.73E-05,26750.3042,32633.1029
1,4.13E-05,27479.8193,55996.5487,831.394535,0.946674347,0.960932678,1.18200911,3.96E-05,4.91E-05,26484.1822,32073.8633
1,3.56E-05,31180.9044,53928.4594,843.61868,0.934165955,0.951574122,1.22896164,3.39E-05,4.38E-05,29742.5474,37928.6609
1,3.86E-05,29131.6565,53254.7773,912.316173,0.929466248,0.948603115,1.25023561,3.66E-05,4.80E-05,27670.6667,36209.8854
1,3.58E-05,30733.6127,57980.4567,773.133748,0.95904541,0.969419067,1.13346848,3.47E-05,4.06E-05,29822.9093,34692.3351
1,4.24E-05,26904.1413,54104.179,939.916782,0.93497467,0.952455208,1.22739662,4.04E-05,5.21E-05,25688.6556,32671.0565
1,4.17E-05,27022.3907,54753.547,880.418902,0.939445496,0.955290769,1.20741577,3.99E-05,5.03E-05,25855.7823,32402.3209
1,3.43E-05,30601.794,55422.0286,1011.12152,0.943622589,0.958265394,1.19103844,3.28E-05,4.08E-05,29342.7195,36358.3406
1,3.69E-05,29862.5941,57879.3089,751.017794,0.958206177,0.969026277,1.1377502,3.57E-05,4.22E-05,28982.153,33752.5467
1,3.83E-05,29607.1777,58091.98,768.046368,0.959144592,0.970068005,1.13811407,3.71E-05,4.35E-05,28755.8549,33685.7334
1,4.14E-05,25845.0299,56774.1832,1318.12743,0.952289581,0.964125866,1.1564488,3.99E-05,4.79E-05,24931.8218,29820.7046
1,3.69E-05,29008.363,57601.4755,1034.43973,0.956996918,0.967745217,1.14002275,3.57E-05,4.21E-05,28084.041,33012.5458
1,3.85E-05,27726.6805,57410.9864,1102.752,0.955898285,0.966929382,1.1439784,3.72E-05,4.41E-05,26831.881,31621.7674
1,4.21E-05,27284.5995,56265.9966,891.322651,0.948806763,0.961979274,1.17129375,4.06E-05,4.89E-05,26232.54,32042.2705
1,4.02E-05,27318.8851,56754.2895,1090.53943,0.952011108,0.964065172,1.15803994,3.88E-05,4.65E-05,26353.8448,31563.7288
1,4.10E-05,27306.3703,57539.6478,883.031203,0.956634521,0.967474572,1.14134177,3.97E-05,4.68E-05,26437.8373,31077.335
1,4.31E-05,26564.5464,56293.3055,889.876301,0.9490242,0.962085478,1.17009011,4.15E-05,5.01E-05,25554.0175,31105.2053
1,3.56E-05,30050.132,56433.3867,1161.27473,0.950126648,0.962658452,1.16485797,3.43E-05,4.13E-05,28933.4598,34976.1646
1,3.67E-05,28826.5682,54537.2808,1180.78736,0.938800812,0.954148538,1.2068613,3.50E-05,4.42E-05,27512.1733,34756.4841
1,4.03E-05,27590.0863,57800.3521,808.488175,0.95822525,0.968588628,1.13547677,3.91E-05,4.57E-05,26720.7179,31346.093
1,4.26E-05,26162.0927,55682.4152,865.783604,0.945503235,0.959350547,1.18262457,4.09E-05,5.03E-05,25106.867,30907.3057
1,3.66E-05,29673.75864,48486.22779,823.0418455,0.841518402,0.95030474,9.31230642,3.49E-05,0.000192437,28146.77588,479277.2898
1,3.65E-05,30571.8445,58502.5255,823.727588,0.962047577,0.971640902,1.1227354,3.55E-05,4.10E-05,29707.737,34317.6358
1,5.52E-05,20895.4487,56578.0033,1147.47356,0.950839996,0.963326555,1.16289903,5.31E-05,6.43E-05,20171.3697,24102.4986
1,4.96E-05,24073.9502,57499.4308,723.691147,0.956233978,0.967359289,1.14353991,4.79E-05,5.69E-05,23327.5866,27338.2353
1,4.99E-05,23875.2037,57839.5458,679.751007,0.958221436,0.968813533,1.13642159,4.83E-05,5.69E-05,23161.7437,26990.0626
2,5.96E-05,27972.60074,54162.2542,438.9853432,0.906593323,0.963858997,2.491208219,5.79E-05,9.08E-05,26532.09449,107339.9212
2,5.88E-05,29114.3822,45632.00233,434.3017655,0.778961182,0.955167252,10.44594202,5.70E-05,0.000235403,27184.13561,544109.3077
2,5.71E-05,29217.02691,47795.23037,457.9818808,0.813308716,0.956541404,6.716787723,5.54E-05,0.000165321,27337.39217,340146.6705
2,6.45E-05,25228.483,57808.1263,411.93397,0.944141388,0.973836801,1.72482547,6.30E-05,8.21E-05,24379.7294,62451.6183
2,6.90E-05,25330.795,58628.0454,388.311258,0.954265594,0.975188472,1.4013223,6.75E-05,8.10E-05,24510.0294,45052.4042
2,5.91E-05,28211.8343,59395.2075,467.295221,0.965034485,0.976043124,1.13186175,5.77E-05,6.55E-05,27390.4158,33354.0509
2,5.46E-05,29962.33277,54239.9555,454.3578387,0.907146454,0.964265014,2.626215592,5.31E-05,8.77E-05,28524.69093,116800.2567
2,4.04E-05,34594.75847,45785.62654,550.4217942,0.803436279,0.945251327,10.27877485,3.88E-05,0.000212742,32233.00974,539842.5911
2,6.08E-05,27888.21752,45525.46464,375.7983998,0.761859894,0.96349978,23.47104713,5.92E-05,0.000475085,26399.90547,1256132.425
2,6.42E-05,28324.62888,52581.20755,390.8293513,0.872806549,0.96688563,4.952860989,6.25E-05,0.000140675,26977.80121,242800.5293
2,4.87E-05,31584.36271,53894.60065,446.8211636,0.891895294,0.968377199,4.718414294,4.74E-05,0.000119486,30300.13309,233304.6055
2,5.37E-05,29419.1918,58168.1509,473.923398,0.952293396,0.972961299,1.32145675,5.25E-05,6.28E-05,28437.4207,44918.3544
2,5.00E-05,28104.0271,59107.317,669.969444,0.96465683,0.974487666,1.12280285,4.88E-05,5.55E-05,27336.0776,32151.9939
2,5.62E-05,30388.5618,58228.0492,463.982191,0.954391479,0.972560774,1.27605034,5.49E-05,6.46E-05,29303.0986,43757.2743
2,4.97E-05,31635.5745,55855.17295,489.0465773,0.918663025,0.971051445,3.085239745,4.85E-05,9.08E-05,30499.01407,143926.626
2,4.98E-05,28943.0709,57948.2692,577.538064,0.947288513,0.973631268,1.57263865,4.85E-05,6.36E-05,28099.0357,57748.9997
2,4.66E-05,33336.98492,52976.60348,510.4615349,0.8879776,0.963119634,3.434352721,4.53E-05,9.34E-05,31698.94371,165024.5755
2,5.97E-05,29841.68239,54638.3767,457.5834142,0.910606384,0.965524964,2.388484939,5.82E-05,8.86E-05,28396.92866,103990.5832
2,5.60E-05,29380.1944,57132.0513,461.822068,0.940422058,0.9707321,1.65079941,5.46E-05,7.15E-05,28262.6919,62968.1873
2,6.07E-05,27989.5404,60272.2691,458.326918,0.971855164,0.97912775,1.0899534,5.93E-05,6.64E-05,27352.5501,30781.3009
2,4.08E-05,29770.3232,55621.28249,708.2648767,0.918575287,0.969388054,3.644701551,3.96E-05,9.15E-05,28711.74665,171943.0627
2,5.92E-05,24586.6922,58915.2765,667.813074,0.964431763,0.973378314,1.11444635,5.75E-05,6.65E-05,23931.8744,27392.9684
2,5.50E-05,28779.61726,41372.42845,344.3430485,0.695743561,0.961867509,43.77374341,5.33E-05,0.000840493,27362.28675,2367980.844
2,5.16E-05,27345.095,58777.3522,555.213382,0.963451385,0.97283714,1.11843543,5.02E-05,5.77E-05,26587.2588,30651.7225
2,4.97E-05,29835.32892,50924.76698,468.6713237,0.837291718,0.970965868,12.7748705,4.85E-05,0.000267828,28777.64969,672334.0192
2,5.33E-05,27180.2865,57125.2872,492.029381,0.940654755,0.970841449,1.90867922,5.17E-05,7.40E-05,26318.3366,73744.9236
2,5.43E-05,29532.4587,39049.59322,311.6676771,0.646080017,0.967674163,60.0359789,5.30E-05,0.001135597,28193.75691,3260271.314
2,5.28E-05,30861.75316,51911.10125,429.8608618,0.861450195,0.967059909,7.046701878,5.15E-05,0.000166195,29453.47507,360294.5925
2,5.14E-05,27106.89401,52037.17618,492.4135298,0.872280121,0.963265649,4.960258293,4.99E-05,0.000127538,25788.81161,240984.4337
2,6.47E-05,27663.56839,36764.95083,362.9163012,0.636615753,0.949197996,40.96150649,6.27E-05,0.000799292,25450.90634,2213377.231
2,7.13E-05,23874.83945,50987.29008,377.5618578,0.843818665,0.968159175,8.443357499,6.94E-05,0.000212568,22778.02702,428695.1676
2,6.94E-05,27015.69057,56462.83635,411.7600063,0.925960541,0.972080499,2.477206689,6.79E-05,0.000100709,25964.76099,105885.9191
2,6.69E-05,24964.71939,50177.87339,381.8150035,0.854846954,0.95664767,5.16176998,6.48E-05,0.000148698,23347.58737,249480.9204
2,6.26E-05,25953.7955,56526.7113,414.936268,0.934398651,0.969165839,1.90623379,6.10E-05,8.39E-05,24910.975,72832.4054
2,5.77E-05,29363.40917,52340.76234,482.283902,0.88451767,0.95989859,3.077055665,5.61E-05,9.95E-05,27695.23834,140856.4636
2,9.14E-05,18521.67167,55115.77693,403.8727945,0.903160095,0.972404787,4.743649442,8.89E-05,0.000167896,17845.28749,219977.5665
2,6.60E-05,26453.00833,51972.97718,384.5836957,0.870018005,0.963757008,5.078008377,6.41E-05,0.000145684,25113.07728,247020.2256
2,5.18E-05,27516.2373,58042.16,647.449852,0.957798004,0.970241034,1.16802341,5.04E-05,5.87E-05,26650.8525,33400.6533
2,5.25E-05,25916.7623,57400.1578,698.260741,0.955303192,0.966998687,1.14833683,5.09E-05,5.94E-05,25015.1382,30047.0831
2,4.35E-05,31959.5007,57061.9333,582.760293,0.951896667,0.965977872,1.17497749,4.23E-05,4.94E-05,30677.0482,39046.9236
2,5.18E-05,30531.4052,56209.8814,440.440795,0.93365097,0.967269753,1.66398452,5.04E-05,6.76E-05,29264.9228,64651.2242
2,4.90E-05,31261.58232,45742.24666,452.6977009,0.786529541,0.9525027,10.14330596,4.73E-05,0.000219424,29232.00898,529439.9056
2,5.10E-05,30024.47543,52929.34835,428.1420683,0.883289337,0.965077414,4.285442457,4.95E-05,0.000114617,28679.70083,207463.1082
2,4.55E-05,33260.18886,53787.92626,534.4656713,0.898353577,0.964788973,3.133202287,4.42E-05,8.70E-05,31799.43217,148075.2994
2,5.80E-05,28129.03943,55099.86582,440.2511219,0.909770966,0.969466197,3.428989669,5.64E-05,0.000106414,27037.52227,158681.1829
2,4.93E-05,31396.57678,50040.04048,506.8484327,0.859153748,0.95374419,4.452040423,4.77E-05,0.000115789,29416.97018,218031.7401
2,5.67E-05,26576.0399,56540.3543,442.521981,0.938240051,0.967643155,1.51594232,5.51E-05,7.07E-05,25501.884,51818.918
2,5.92E-05,25269.38828,54188.68994,396.7971339,0.90353775,0.965708285,3.773752457,5.74E-05,0.000115214,24180.70147,173682.9234
2,5.08E-05,29891.57958,52255.53716,429.5321795,0.886341095,0.958541529,3.08344043,4.91E-05,9.28E-05,28228.71903,141342.8035
2,5.16E-05,31663.15702,50394.53764,423.7809275,0.842350006,0.963835312,6.084291517,5.03E-05,0.00014743,30103.28996,308274.2745
2,4.96E-05,28827.424,56705.3368,525.373224,0.944400787,0.966403186,1.36298373,4.82E-05,5.96E-05,27647.3373,45853.9068
2,4.76E-05,29800.25735,50207.80522,463.5938953,0.848342896,0.960153954,7.647432219,4.61E-05,0.000172118,28227.82025,391139.9163
2,5.26E-05,28371.8987,50452.97112,422.7375288,0.86019516,0.956537931,5.303015823,5.08E-05,0.000135485,26687.37531,260949.27
2,5.54E-05,26632.06563,53569.95224,414.3383935,0.901386261,0.962036845,2.888061496,5.36E-05,9.47E-05,25318.10339,126678.4746
2,4.70E-05,27948.52547,55749.48753,557.0013432,0.926746368,0.967164732,2.463847411,4.56E-05,7.71E-05,26896.40405,104862.8764
2,4.41E-05,31454.17528,49335.07304,459.3148358,0.840343475,0.956929961,7.281453659,4.26E-05,0.00016174,29691.40133,372807.1386
2,4.47E-05,28703.2165,54674.9997,540.521552,0.926292419,0.959712012,1.66951049,4.32E-05,6.05E-05,27308.027,61773.5613
2,4.11E-05,32156.78459,36837.2789,373.9894669,0.630222321,0.954629665,61.89713632,3.97E-05,0.001155791,30278.03726,3363992.424
2,4.41E-05,33237.89886,41134.05092,416.240955,0.697265625,0.958098537,31.43175503,4.28E-05,0.000602028,31336.22416,1697909.67
2,5.70E-05,27184.17533,44410.68689,388.8157168,0.752952576,0.958374507,20.79232122,5.52E-05,0.000422783,25569.50857,1108088.394
2,5.47E-05,25696.5852,53149.01081,520.3962193,0.896221161,0.961355847,3.362303343,5.29E-05,0.000102828,24510.66409,150901.4461
2,5.61E-05,25550.7913,60396.1684,482.649934,0.97252655,0.979641433,1.08808622,5.49E-05,6.11E-05,24995.6099,28018.5803
2,6.31E-05,25670.50258,55616.76001,401.5651319,0.911411285,0.972155354,3.619314022,6.16E-05,0.000115352,24728.28499,166612.3635
2,6.41E-05,23917.5356,58220.1542,444.972369,0.948429108,0.974959616,1.712749,6.25E-05,8.20E-05,23198.4575,60173.5567
2,5.92E-05,27187.23447,48091.15204,377.0345706,0.798313141,0.966716904,14.59449039,5.77E-05,0.000311225,25870.53984,769431.3012
2,5.17E-05,28965.9652,57440.6311,468.229713,0.944072723,0.971332443,1.4990018,5.05E-05,6.40E-05,27893.289,54191.2337
2,5.62E-05,29591.84506,38953.3935,420.780625,0.673015594,0.949736401,25.13033796,5.44E-05,0.00050047,27321.77144,1348835.645
2,5.67E-05,28629.0855,56476.2863,425.256363,0.932861328,0.969162571,1.68815247,5.52E-05,7.31E-05,27429.3294,64231.5308
2,5.08E-05,27289.56078,51061.83804,479.3760906,0.851192474,0.965359214,7.286411972,4.93E-05,0.000168975,26055.87804,368659.0617
2,5.34E-05,27378.68376,39624.87011,337.8489454,0.666049957,0.9610476,40.5663155,5.19E-05,0.000779342,25792.61022,2191548.431
2,5.04E-05,28590.63584,53407.47638,450.5689694,0.890258789,0.965489822,3.903633927,4.91E-05,0.000106657,27257.99241,185226.3482
2,5.06E-05,30026.15819,51933.53985,454.7930529,0.86341095,0.966301083,6.013480148,4.93E-05,0.000145049,28647.19926,302563.6373
2,5.32E-05,28064.3198,57528.6203,487.108173,0.949188232,0.970000062,1.32072673,5.18E-05,6.24E-05,27022.9365,43061.3137
2,5.49E-05,26208.9278,58250.4182,534.338849,0.959903717,0.970760655,1.13378774,5.35E-05,6.14E-05,25354.8147,30300.029
2,4.92E-05,31877.10315,50421.64386,508.2149936,0.855010986,0.958485548,5.025346072,4.78E-05,0.000125472,30071.2449,250290.8099
2,5.16E-05,29440.1993,57775.5818,490.292842,0.949947357,0.971470332,1.45174536,5.04E-05,6.30E-05,28442.9395,51759.4214
2,3.84E-05,34268.52665,45373.02602,454.3368737,0.764598846,0.96065456,22.43416394,3.73E-05,0.00043156,32514.25814,1206211.094
2,4.43E-05,32445.18262,51613.84997,522.5723161,0.873802185,0.95938151,5.48205238,4.30E-05,0.000128866,30797.33996,275358.0583
2,5.28E-05,28883.1137,40085.20042,405.3486781,0.699996948,0.946260936,26.55028512,5.08E-05,0.000523548,26660.6563,1424761.694
2,3.82E-05,32886.71828,52761.98425,551.3734185,0.886428833,0.962634808,4.013014632,3.70E-05,9.54E-05,31439.08405,195282.8038
2,4.27E-05,30586.582,57863.9618,570.019442,0.958068848,0.968979889,1.13797411,4.15E-05,4.79E-05,29549.607,35254.5626
2,4.14E-05,31490.58864,52197.1576,505.5987013,0.886074066,0.958856922,4.80207041,4.00E-05,0.000113765,29939.94674,236610.0109
2,5.48E-05,27974.2667,58199.4887,546.79006,0.959472656,0.970566382,1.13650134,5.34E-05,6.09E-05,27045.7308,32463.6853
2,4.05E-05,32966.02834,55333.34994,560.0399244,0.921630859,0.966124993,2.330023097,3.94E-05,6.67E-05,31604.80134,103694.8731
2,4.85E-05,30222.817,57352.3804,555.766021,0.950531006,0.968383836,1.2515578,4.72E-05,5.63E-05,29112.4333,41315.0436
2,6.19E-05,27123.9766,56525.3297,419.460769,0.936592102,0.968035306,1.51260251,6.04E-05,7.56E-05,25921.9068,52855.4632
2,5.58E-05,26359.9373,56822.3888,436.526593,0.930080414,0.972818203,2.17340051,5.44E-05,8.10E-05,25468.3696,88072.224
2,4.99E-05,31736.36884,52153.42341,492.7624159,0.881774902,0.959717477,3.562384349,4.86E-05,9.95E-05,29983.96521,170085.1274
2,5.78E-05,27205.88485,56195.38762,423.3117647,0.924423218,0.970925952,2.436056527,5.64E-05,8.77E-05,26190.86699,103379.6728
2,4.75E-05,33103.07703,47998.33994,503.9238482,0.818405151,0.956294713,8.534983552,4.61E-05,0.000187802,31149.42082,443831.8502
2,5.65E-05,31558.06585,41324.07607,440.2842992,0.715877533,0.949518097,26.31952936,5.44E-05,0.000523714,29333.86709,1415606.09
2,5.58E-05,27759.52347,50279.8611,387.4293215,0.851280212,0.959026991,5.284346809,5.39E-05,0.000138762,26194.15696,259418.7087
2,4.80E-05,32646.70335,51684.54423,464.2199105,0.862434387,0.964653515,4.863646581,4.68E-05,0.000120879,31106.92767,242541.0618
2,5.10E-05,29994.07387,52952.6977,436.1554168,0.87480545,0.968812843,5.011611552,4.97E-05,0.000127077,28756.9618,247674.7142
2,6.91E-05,24937.93544,49241.27404,352.1830623,0.817783356,0.966438669,10.48088471,6.73E-05,0.000247327,23693.19637,541564.8091
2,4.71E-05,32999.8555,46522.50541,471.3491917,0.794906616,0.955269233,11.8348133,4.56E-05,0.000248184,31019.93987,624261.4928
2,5.84E-05,26163.4654,55977.8687,406.606748,0.932804108,0.965978765,1.6489189,5.65E-05,7.56E-05,25047.511,58460.4262
2,5.00E-05,31865.79835,51531.74696,445.8518183,0.85376358,0.967493866,7.211691986,4.87E-05,0.00016627,30504.40246,370223.8285
2,6.71E-05,26484.82551,48393.58513,349.8321836,0.803169251,0.966648723,13.72540891,6.54E-05,0.000304114,25184.24344,721064.1026
2,5.12E-05,26975.0121,56515.8528,496.985639,0.937335968,0.967852421,1.58543537,4.97E-05,6.60E-05,25945.0467,55865.0804
2,5.39E-05,28641.62241,52639.03751,438.3107278,0.883041382,0.962953655,4.228184738,5.23E-05,0.000116896,27229.5079,202756.2195
2,4.05E-05,29669.2099,57860.881,676.836387,0.948978424,0.972293371,1.42660339,3.94E-05,5.08E-05,28751.4355,50451.1394
2,6.52E-05,24817.51053,57196.70993,431.9749714,0.930950165,0.975107741,2.469240208,6.37E-05,9.68E-05,24058.70685,102723.6434
2,5.45E-05,27158.8031,56657.3601,440.794062,0.932884216,0.970505497,1.83031601,5.31E-05,7.33E-05,26126.5074,70148.7923
2,6.39E-05,25427.242,59860.8252,448.348932,0.968730927,0.977671743,1.10998806,6.24E-05,7.06E-05,24801.7712,28927.0451
2,4.95E-05,30928.09187,54832.66038,483.8128433,0.911064148,0.966755361,2.502720826,4.82E-05,7.97E-05,29557.44843,111311.7663
2,3.79E-05,30416.497,58698.6217,915.190473,0.963249207,0.972457399,1.11833312,3.69E-05,4.23E-05,29576.7726,34027.4204
2,5.00E-05,28042.2566,58757.0393,479.914757,0.961017609,0.973533643,1.16417149,4.88E-05,5.62E-05,27165.7409,34594.0242
2,5.18E-05,26708.106,58244.5258,535.311909,0.953781128,0.972964039,1.30422248,5.05E-05,6.07E-05,25857.5163,40695.9407
2,5.24E-05,26816.0708,58426.8918,562.351052,0.959541321,0.971968171,1.15768905,5.10E-05,5.90E-05,25948.2535,32602.9256
2,4.48E-05,29201.3845,56514.2328,590.063437,0.933010101,0.969618032,1.92604594,4.37E-05,6.43E-05,28107.6793,77496.8398
2,5.86E-05,28999.6933,58207.5664,411.17653,0.95117569,0.973552596,1.38145744,5.73E-05,6.91E-05,27983.4691,48058.2258
2,5.78E-05,26705.0229,58634.4203,468.707022,0.955780029,0.97468354,1.30920514,5.64E-05,6.73E-05,25894.2676,41209.6405
2,5.01E-05,31497.9684,58744.4046,506.545851,0.959903717,0.973797003,1.17363851,4.89E-05,5.59E-05,30491.9127,39200.5966
2,5.04E-05,30484.9135,54495.6552,498.148582,0.912704468,0.963650682,2.07004519,4.91E-05,7.30E-05,28999.6999,86927.677
2,5.69E-05,28230.2093,58763.4589,453.732131,0.955566406,0.975519295,1.30836098,5.57E-05,6.60E-05,27379.6123,43038.9333
2,5.47E-05,28608.5344,56499.692,428.651198,0.931301117,0.970067227,1.86657717,5.34E-05,7.39E-05,27490.015,73866.767
2,4.45E-05,29210.1665,58737.2289,620.643323,0.962032318,0.973091413,1.14028996,4.34E-05,4.97E-05,28358.7358,34245.4007
2,4.26E-05,34414.98784,39411.82364,406.6202851,0.666049957,0.959213389,47.16396943,4.14E-05,0.000887992,32577.08069,2560496.538
2,5.69E-05,28476.54592,45568.13421,451.3644296,0.776412964,0.955780502,10.84340399,5.53E-05,0.000239966,26529.62665,565459.1667
2,3.95E-05,31931.3905,58731.4433,557.813466,0.958377838,0.974407137,1.2666319,3.86E-05,4.62E-05,30996.7791,44557.5436
2,4.39E-05,29822.1338,58495.8431,493.732541,0.951999664,0.975197075,1.44612091,4.29E-05,5.43E-05,28944.5869,52218.8607
2,4.52E-05,30374.1909,58436.7783,480.091675,0.953872681,0.974057919,1.30807397,4.42E-05,5.30E-05,29395.0723,45377.4393
2,4.92E-05,30910.8294,59003.679,456.671981,0.963912964,0.974003814,1.12096673,4.81E-05,5.42E-05,29925.925,35672.317
2,5.00E-05,30523.40296,50625.80917,420.4004753,0.837051392,0.968349757,9.217122903,4.88E-05,0.000202684,29204.77286,478716.8182
2,4.05E-05,30738.7837,56971.2354,595.337027,0.946498871,0.967376172,1.32013515,3.94E-05,4.89E-05,29581.3138,45539.6297
2,4.03E-05,31288.9345,59109.4678,547.015843,0.964923859,0.974360269,1.1165536,3.93E-05,4.47E-05,30432.0844,35317.5352
2,4.30E-05,29908.3894,56938.5408,542.443464,0.940258026,0.969731176,1.84357951,4.18E-05,6.14E-05,28921.7174,73183.9937
2,3.64E-05,32600.9499,55884.059,642.840584,0.940071106,0.962727569,1.41756472,3.52E-05,4.64E-05,31244.737,52451.9706
2,3.87E-05,30909.3598,56432.6437,619.93203,0.94046402,0.966193506,1.49258395,3.75E-05,5.01E-05,29731.1496,54964.6838
2,4.07E-05,31055.9358,56808.8806,499.616208,0.936489105,0.97012992,1.69902293,3.97E-05,5.57E-05,29935.3441,67142.5613
2,3.72E-05,33125.81403,51946.91916,491.8878438,0.868377686,0.963955216,4.465203838,3.62E-05,0.000102035,31554.02311,221189.6191
2,4.02E-05,31391.118,58619.886,489.780998,0.956695557,0.974188735,1.25716663,3.93E-05,4.67E-05,30403.7555,43688.4014
2,3.49E-05,34561.844,58494.9116,528.590589,0.954917908,0.97398121,1.26898936,3.41E-05,4.11E-05,33513.6913,47708.4732
2,3.41E-05,32681.3469,58057.1448,903.141329,0.959442139,0.969691165,1.13234926,3.31E-05,3.83E-05,31635.6887,37302.0671
2,3.54E-05,31725.3777,58201.5458,906.469056,0.960353851,0.970364245,1.12881318,3.44E-05,3.97E-05,30748.6502,36006.8285
2,3.83E-05,33891.4128,59109.0852,496.154843,0.96421814,0.974609717,1.12828801,3.74E-05,4.23E-05,32903.7311,39219.2136
2,3.76E-05,32848.3058,59377.1037,518.57053,0.964641571,0.976167829,1.15656739,3.68E-05,4.21E-05,31977.569,39592.4349
2,4.83E-05,30481.81189,44735.25055,456.0408957,0.768245697,0.952884578,13.50235113,4.68E-05,0.000279403,28397.49767,712947.1811
2,5.03E-05,28363.43389,49775.71364,404.7952064,0.829402924,0.96537949,10.58896196,4.89E-05,0.000228562,26997.66259,551175.2641
2,5.10E-05,27605.28402,51519.17022,442.0500228,0.861122131,0.964100826,5.192056967,4.96E-05,0.000130659,26222.04529,254693.4534
2,5.37E-05,29622.83959,38921.86729,448.6685799,0.675052643,0.947993312,22.00129107,5.20E-05,0.000440614,27240.08261,1177605.885
2,4.41E-05,28693.4301,56748.7376,521.221319,0.937007904,0.969592234,1.72319327,4.29E-05,6.01E-05,27663.8988,65568.8328
2,5.63E-05,26610.21101,54330.06398,414.6003344,0.896778107,0.969154789,3.608001289,5.49E-05,0.00010725,25452.73807,167172.6585
2,5.33E-05,29854.03177,39071.41808,479.1812946,0.683235168,0.944998196,21.75332339,5.15E-05,0.000435752,27359.04123,1164020.669
2,5.41E-05,25511.87253,53770.55673,436.1565841,0.877174377,0.974044533,8.126192431,5.28E-05,0.000187627,24684.20443,413211.5223
2,4.71E-05,29991.31323,48568.16894,497.7507144,0.828525543,0.955677022,6.276548794,4.56E-05,0.000146501,28121.13521,316551.1491
2,3.86E-05,35311.89843,44540.83155,598.3051652,0.778297424,0.946262311,10.27909684,3.72E-05,0.000210228,32852.16784,541266.1485
2,4.35E-05,32860.5285,41180.07973,549.003105,0.719295502,0.94600782,18.70745148,4.20E-05,0.000369111,30343.8328,1000591.325
2,4.30E-05,30175.5907,58720.7937,510.294625,0.960762024,0.973428116,1.16745884,4.20E-05,4.86E-05,29270.0776,37002.2177
2,4.38E-05,29569.2458,58984.593,557.579658,0.962589264,0.974389828,1.14709076,4.27E-05,4.91E-05,28728.5132,35234.98
2,4.05E-05,34632.35183,53877.17612,555.4794906,0.906044006,0.962160956,2.435515549,3.94E-05,6.88E-05,32978.67695,111452.6167
2,4.16E-05,28877.269,58783.3454,618.096266,0.963687897,0.972843571,1.11708996,4.05E-05,4.64E-05,28081.9214,32306.3035
2,4.34E-05,31575.261,56317.8983,493.202142,0.932411194,0.968301112,1.68559914,4.23E-05,5.80E-05,30268.3699,67291.3287
2,4.71E-05,30095.46877,54326.28867,428.4851447,0.896724701,0.969240273,3.948404862,4.60E-05,0.000103462,28883.10036,189542.994
2,4.39E-05,29070.5986,59176.785,548.856254,0.963745117,0.97523163,1.16001029,4.29E-05,4.93E-05,28294.4108,35357.91
2,4.57E-05,28941.3708,59697.4101,509.83361,0.96849823,0.976783658,1.10265536,4.47E-05,4.99E-05,28192.6289,32371.8092
2,4.30E-05,29540.1704,58791.6867,536.062934,0.959518433,0.974334685,1.22156394,4.20E-05,4.92E-05,28682.0174,39347.3484
2,4.07E-05,31348.1155,58673.0806,515.673637,0.961700439,0.972751236,1.13374433,3.97E-05,4.53E-05,30372.7554,36469.3906
2,4.23E-05,35107.39438,52299.36237,577.2498999,0.88451004,0.959794447,3.677318792,4.11E-05,9.32E-05,33279.91069,180106.4749
2,4.58E-05,31753.2545,56016.8564,497.898867,0.930076599,0.967221681,1.77369588,4.47E-05,6.23E-05,30402.8175,72229.0358
2,4.22E-05,30180.6395,58656.5083,561.420352,0.956970215,0.974416145,1.30244215,4.12E-05,5.00E-05,29311.0242,44482.263
2,3.75E-05,30457.98,58559.7176,826.629062,0.96244812,0.971871966,1.12122611,3.65E-05,4.19E-05,29596.9648,34166.9372
2,4.20E-05,30233.65055,54428.77542,557.1974682,0.898891449,0.969272866,3.948876064,4.09E-05,9.81E-05,29094.83965,189391.8613
2,3.77E-05,34535.23529,42250.85448,435.3810438,0.71913147,0.956675953,28.82919162,3.65E-05,0.000547827,32613.78387,1556418.826
2,4.11E-05,31547.9916,58437.6866,501.205663,0.958518982,0.972446321,1.18947866,4.01E-05,4.68E-05,30569.5443,39664.1323
2,4.44E-05,30300.5353,58662.7817,509.954267,0.96068573,0.973018074,1.14802209,4.34E-05,4.96E-05,29331.2251,36239.0624
2,4.03E-05,31746.81106,54698.48273,506.0780951,0.908672333,0.966834411,2.597468791,3.92E-05,7.14E-05,30418.39782,117133.608
2,4.34E-05,30653.9512,58826.8518,576.667455,0.963413239,0.973153487,1.12068064,4.23E-05,4.81E-05,29740.6982,34895.2432
2,4.16E-05,34473.29306,52961.41651,564.9329429,0.893123627,0.96079684,2.788063178,4.05E-05,7.63E-05,32722.12397,130697.485
2,4.31E-05,30753.1561,58197.7241,517.920528,0.956020355,0.971804887,1.20693565,4.20E-05,4.92E-05,29740.1598,39824.7427
2,4.39E-05,30380.22457,51445.21359,428.5237399,0.852565765,0.967665761,7.596282591,4.28E-05,0.000166685,29122.10826,389387.9989
2,4.03E-05,32105.6153,58164.7349,501.117863,0.951675415,0.973173103,1.32446375,3.93E-05,4.81E-05,31089.9084,47955.535
2,4.26E-05,30457.9764,59688.6252,495.642652,0.964839935,0.978018843,1.1868966,4.18E-05,4.80E-05,29713.6453,38760.7816
2,4.28E-05,30474.3485,59970.3338,482.090534,0.967739105,0.978745078,1.156958,4.19E-05,4.76E-05,29756.4176,37198.0577
2,4.26E-05,32533.39105,48898.76704,478.8557834,0.821487427,0.962117676,10.23799043,4.13E-05,0.000213711,30970.09912,536184.4708
2,3.96E-05,33840.50439,44972.16605,410.0796028,0.741764069,0.969245871,30.60945394,3.87E-05,0.000582212,32543.62323,1653503.986
2,3.80E-05,34476.69549,48375.11488,494.7474223,0.809871674,0.963331834,11.73372005,3.69E-05,0.000235732,32873.74302,620502.2023
2,3.96E-05,34343.1208,57631.0468,540.645018,0.947307587,0.971309807,1.41777968,3.87E-05,4.91E-05,33149.2921,55622.0342
2,3.82E-05,31570.8526,58997.8339,558.048181,0.962165833,0.974679508,1.17844055,3.73E-05,4.35E-05,30710.061,39113.3204
2,4.13E-05,30616.4093,59572.3826,506.797396,0.966156006,0.976812837,1.138317,4.04E-05,4.59E-05,29836.4682,36118.7553
2,4.10E-05,31145.3978,59813.9136,522.75781,0.969127655,0.977253331,1.10007453,4.01E-05,4.48E-05,30383.6103,34580.6653
2,5.07E-05,27247.9314,60169.785,504.488001,0.970859528,0.978825453,1.09725546,4.96E-05,5.55E-05,26636.2923,30275.7986
2,3.48E-05,33799.83015,52716.9439,564.3301887,0.875320435,0.96708549,6.170167989,3.38E-05,0.00013095,32506.98166,314719.7507
2,3.66E-05,32860.2212,59203.614,592.071784,0.965847015,0.974669463,1.11062613,3.57E-05,4.04E-05,31973.7269,36791.5417
2,4.62E-05,29535.8424,57519.7241,494.31401,0.943969727,0.971952793,1.56477252,4.50E-05,5.93E-05,28564.9362,58052.3388
2,4.54E-05,30064.3565,60166.6298,487.721519,0.970668793,0.978888864,1.10113717,4.44E-05,4.97E-05,29381.6912,33602.7538
2,3.97E-05,32594.9886,35598.91827,347.4718019,0.593746185,0.964591577,82.88117661,3.86E-05,0.001537165,31141.46392,4513994.116
2,4.77E-05,30623.34864,44171.92991,382.057889,0.732471466,0.96719245,35.10559967,4.65E-05,0.000673153,29295.81448,1896110.633
2,4.75E-05,32165.59289,49174.94002,439.3567802,0.822322846,0.963730219,9.375001681,4.63E-05,0.000202987,30594.94274,488971.4579
2,4.64E-05,33632.86974,39313.71234,412.7039633,0.675346375,0.952690212,33.34511226,4.50E-05,0.000639568,31470.79739,1802858.805
2,4.99E-05,27804.306,52836.46287,412.1303903,0.872970581,0.96881994,5.981899589,4.87E-05,0.000143998,26659.9905,298191.0232
2,3.36E-05,36112.7213,57703.3086,673.494944,0.957439423,0.968219381,1.13895271,3.26E-05,3.78E-05,34922.9712,41330.1733
2,3.34E-05,35924.6879,56503.101,604.426167,0.938789368,0.967362074,1.59267949,3.25E-05,4.58E-05,34613.9045,66327.5171
2,3.84E-05,33168.1198,56849.8398,555.806496,0.937103271,0.970344725,1.85265013,3.73E-05,5.60E-05,32068.5752,77596.7325
2,4.21E-05,34313.9193,55996.0226,500.434598,0.930393219,0.966998083,1.72362645,4.09E-05,5.77E-05,32910.5433,72243.9184
2,4.29E-05,33568.5846,57878.1252,503.129442,0.950508118,0.971784817,1.32958128,4.18E-05,5.15E-05,32454.9214,49803.5923
2,3.72E-05,36830.16984,46175.06826,473.7300402,0.781158447,0.959126206,13.7822364,3.61E-05,0.000272426,34945.60887,735231.1155
2,4.17E-05,33978.2856,56798.2614,473.316706,0.932128906,0.971809796,2.05688235,4.07E-05,6.32E-05,32817.182,90238.2494
2,4.53E-05,32154.48885,50470.86133,397.4403678,0.830741882,0.970421328,13.06492127,4.42E-05,0.000268129,30958.84336,690996.9871
2,3.84E-05,36027.881,55690.1739,503.588167,0.927150726,0.966361555,1.98464453,3.73E-05,5.84E-05,34594.3372,88199.6006
2,4.18E-05,34553.18399,51319.04401,483.7741054,0.859153748,0.96378645,7.526797196,4.05E-05,0.000163308,33013.75981,390013.8663
2,3.55E-05,34977.0344,55978.3639,690.847683,0.943634033,0.962020519,1.27849081,3.43E-05,4.31E-05,33569.3983,47249.8338
2,4.33E-05,33127.9873,57920.3745,484.810231,0.940216064,0.97613087,1.95750395,4.22E-05,6.33E-05,32247.9776,83747.2856
2,3.71E-05,34644.4346,58157.2671,648.265304,0.955783844,0.971645738,1.24602811,3.61E-05,4.37E-05,33571.2255,46057.1022
2,4.08E-05,35667.99717,55005.60374,527.1344741,0.916301727,0.966105107,2.587940853,3.95E-05,7.22E-05,34243.11879,120778.2207
2,3.97E-05,33727.03879,49537.54979,482.9976967,0.833370209,0.96178531,8.070995248,3.84E-05,0.000171358,32187.35264,418502.1352
2,3.55E-05,35350.8314,58180.9629,620.039133,0.958835602,0.97070376,1.14987884,3.45E-05,3.99E-05,34214.7273,41554.9552
2,3.58E-05,35043.5392,58803.9859,586.811137,0.959117889,0.974553155,1.22215318,3.50E-05,4.14E-05,34044.875,45546.2742
2,3.86E-05,35646.3076,57349.4851,525.848786,0.940685272,0.972126789,1.70642314,3.77E-05,5.34E-05,34495.6604,72749.131
2,3.85E-05,36490.2652,56631.4379,515.914656,0.940116882,0.967334563,1.38913709,3.75E-05,4.74E-05,35022.9715,56474.8606
2,3.64E-05,36652.9169,57721.0747,559.922739,0.954093933,0.969440564,1.2074841,3.55E-05,4.21E-05,35351.7357,46456.7959
2,3.59E-05,37542.69055,45013.85188,446.3962692,0.759654999,0.960155027,19.26003552,3.47E-05,0.000371286,35722.3795,1035870.757
2,3.68E-05,35063.38,57997.0009,525.805005,0.946590424,0.974168708,1.68241578,3.59E-05,5.10E-05,34066.2065,70648.7688
2,3.63E-05,36411.9517,58418.5189,505.698413,0.951854706,0.97480479,1.47356448,3.54E-05,4.65E-05,35358.9193,60980.2576
2,3.75E-05,36215.50735,51505.67575,460.3274466,0.852794647,0.967729546,6.926708743,3.66E-05,0.000147448,34764.40927,359421.0531
2,3.59E-05,36355.0845,58127.493,549.686211,0.948181152,0.974376388,1.57591792,3.50E-05,4.80E-05,35309.708,66391.7175
2,3.40E-05,38798.25241,52578.65119,592.2654007,0.893314362,0.957928767,2.580397964,3.29E-05,6.43E-05,36808.96627,124036.9304
2,4.45E-05,33776.55352,48673.14344,388.5322542,0.799209595,0.971094542,18.86158516,4.34E-05,0.000372942,32528.50521,1010411.329
2,4.03E-05,36193.7589,56607.9211,496.171557,0.931186676,0.97081658,1.94652278,3.93E-05,5.97E-05,34908.6538,86717.6449
2,4.00E-05,36102.73972,54902.45061,474.9377306,0.899105072,0.972340934,3.853214828,3.91E-05,9.40E-05,34901.51091,191010.0272
2,3.99E-05,35125.61403,48621.9509,440.4015178,0.807365418,0.966417801,11.93754287,3.88E-05,0.000241463,33625.40049,632615.0144
2,4.16E-05,33996.0306,55683.688,477.991693,0.924743652,0.966978593,1.91771028,4.05E-05,6.07E-05,32604.3332,82510.3798
2,4.54E-05,32846.93176,54660.45438,424.0377501,0.889865875,0.974737611,6.222218269,4.44E-05,0.000143229,31815.49687,317317.4129
2,4.30E-05,34539.00996,52887.23414,463.8926966,0.878265381,0.966732135,4.645077342,4.18E-05,0.000111902,33064.90838,232669.1038
2,4.29E-05,32345.71151,47577.87341,468.4000178,0.80065918,0.961350231,15.72805041,4.16E-05,0.000314469,30742.1888,836606.4838
2,5.58E-05,31327.07098,44663.40312,366.7688037,0.753330231,0.95997931,16.79574663,5.41E-05,0.000348305,29573.69628,894410.699
2,3.87E-05,34696.0883,57099.27,541.115524,0.943481445,0.969319104,1.42547269,3.77E-05,4.85E-05,33482.6509,55966.2382
2,5.31E-05,31636.89721,50648.55422,411.2288809,0.84292984,0.965689118,8.476314615,5.17E-05,0.00019315,30148.1409,439381.0807
2,4.20E-05,32468.0133,58900.6714,490.36396,0.961212158,0.974414746,1.18982494,4.10E-05,4.79E-05,31570.0205,40695.3712
2,3.81E-05,33927.215,58973.6813,540.55409,0.963809967,0.973886496,1.12160675,3.71E-05,4.23E-05,32965.7546,38547.7161
2,5.23E-05,27868.2805,59632.8489,432.535438,0.968170166,0.976483688,1.10281661,5.10E-05,5.77E-05,27154.6572,31065.7363
2,4.32E-05,30609.2145,59577.149,467.723565,0.968158722,0.976185961,1.10172948,4.22E-05,4.75E-05,29843.029,33907.0969
2,4.17E-05,33101.94493,52223.75907,481.2889855,0.872936249,0.964076555,4.124096376,4.06E-05,0.00010086,31550.4661,202407.0155
2,4.09E-05,34069.86861,56068.63418,483.7880196,0.926128388,0.969238415,2.259357974,3.98E-05,6.59E-05,32786.90157,101348.786
2,4.12E-05,32983.9853,58364.1893,490.320514,0.957443237,0.972379198,1.20257918,4.01E-05,4.73E-05,31963.646,41993.4456
2,3.67E-05,34701.8292,56657.2235,527.011139,0.935497284,0.969497253,1.70140376,3.57E-05,5.12E-05,33439.5424,71382.1905
2,3.90E-05,33042.6869,58770.2075,515.471495,0.959560394,0.974224031,1.22964031,3.80E-05,4.54E-05,32125.3405,43491.7266
2,4.61E-05,30879.6238,57809.6763,422.457648,0.946136475,0.972986855,1.59398491,4.50E-05,5.95E-05,29885.5108,61340.1942
2,3.55E-05,33994.799,57104.1789,529.964153,0.937866211,0.971698563,1.96737495,3.46E-05,5.48E-05,32889.0649,85060.3631
2,3.90E-05,32972.5127,56370.3966,473.681358,0.930091858,0.969716018,1.90870751,3.80E-05,5.75E-05,31782.3404,80733.0192
2,5.61E-05,27339.1747,59775.9013,411.749462,0.968910217,0.977101271,1.10096614,5.49E-05,6.16E-05,26646.4939,30486.1873
2,4.58E-05,32705.09555,51342.20893,483.8728188,0.863067627,0.962089403,6.094201468,4.45E-05,0.000141544,31071.30008,309767.5967
2,4.41E-05,31654.68517,50116.29244,425.2160277,0.838451386,0.96356679,7.175405425,4.29E-05,0.000159528,30175.22228,367595.8512
2,4.52E-05,31587.18643,56111.92044,441.6370145,0.924476624,0.970140163,2.300976593,4.42E-05,7.13E-05,30383.44652,100995.7368
2,4.74E-05,31016.39804,54544.59993,410.1173499,0.898757935,0.969888566,4.088488227,4.62E-05,0.000106351,29816.82658,198236.7866
2,4.91E-05,32586.23785,51603.82081,413.4914543,0.855632782,0.967270995,7.11210092,4.79E-05,0.000163686,31192.79829,365574.535
2,4.61E-05,31385.29012,56447.89647,428.5419097,0.91998291,0.974424951,2.940564425,4.51E-05,8.38E-05,30392.72268,135932.7251
2,5.51E-05,29350.0068,59417.2607,427.391283,0.959095001,0.978447875,1.3458714,5.39E-05,6.46E-05,28634.0564,46342.8221
2,4.35E-05,31947.4313,58173.0794,449.178819,0.942199707,0.976986057,2.02549999,4.27E-05,6.42E-05,31068.934,86509.6128
2,4.66E-05,28947.8861,60476.1671,468.977458,0.971744537,0.980384913,1.10913472,4.56E-05,5.09E-05,28353.2147,32895.1878
2,4.56E-05,30986.1443,58375.0926,448.449967,0.950611115,0.974922766,1.43325265,4.46E-05,5.56E-05,30024.0043,52990.2914
2,3.98E-05,33211.32564,56069.10154,477.70513,0.917598724,0.972589389,2.381669012,3.89E-05,6.67E-05,32099.78116,107226.0085
2,4.10E-05,34422.09158,39683.27307,352.5626737,0.663127899,0.963837056,52.37822838,3.99E-05,0.000981331,32840.42195,2845978.464
2,5.87E-05,27088.9615,59689.8535,386.517029,0.964111328,0.97833274,1.23656496,5.74E-05,6.66E-05,26430.1216,37814.6651
2,4.17E-05,32805.4812,59288.532,477.019356,0.959690094,0.977429728,1.32063659,4.08E-05,4.94E-05,31965.3925,48696.9724
2,3.81E-05,33523.009,58421.8049,507.258031,0.952163696,0.97470852,1.42114757,3.73E-05,4.76E-05,32553.2175,54823.9249
2,4.28E-05,31702.5789,59155.6818,447.011704,0.960105896,0.976456929,1.299178,4.18E-05,5.05E-05,30861.025,46192.3604
2,4.22E-05,30969.3015,59320.3651,467.78291,0.961803436,0.976866735,1.25641564,4.12E-05,4.91E-05,30174.8112,43007.7724
2,4.41E-05,29699.8997,60050.9075,510.763523,0.970783234,0.97816181,1.0928835,4.31E-05,4.82E-05,29028.4238,32567.426
2,5.15E-05,30342.80388,48514.64135,368.118025,0.798492432,0.969956826,16.43434769,5.02E-05,0.000336387,29123.39712,873674.2225
2,4.30E-05,30768.5939,59749.2231,511.826491,0.965702057,0.978085648,1.16853729,4.21E-05,4.82E-05,30033.3183,38050.8832
2,3.90E-05,34984.778,57163.0307,504.359793,0.943820953,0.969646092,1.4584392,3.80E-05,4.92E-05,33721.629,58404.7252
2,3.85E-05,34858.4252,56478.1219,472.013468,0.92873764,0.971063203,2.19063284,3.75E-05,6.20E-05,33657.2581,98431.1371
2,4.28E-05,31731.4162,59392.2303,445.585534,0.962162018,0.97718768,1.2659061,4.18E-05,4.99E-05,30936.4365,44362.0331
2,3.80E-05,33116.1979,58990.2185,518.937005,0.963291168,0.974195226,1.13498358,3.71E-05,4.23E-05,32181.3214,38470.2464
2,4.18E-05,30536.209,58993.8053,529.589533,0.964550018,0.973822894,1.11582974,4.07E-05,4.64E-05,29684.0021,34388.2835
2,4.27E-05,30402.0601,59895.1083,542.504594,0.969852448,0.97752739,1.09633718,4.18E-05,4.67E-05,29679.7475,33523.0891
2,4.74E-05,28852.95246,50082.95247,484.9900002,0.818904877,0.973169986,16.68390212,4.63E-05,0.000336486,27963.30171,885194.283
2,4.50E-05,31579.3023,59028.004,435.82301,0.960609436,0.975415397,1.21599363,4.40E-05,5.14E-05,30686.2485,41497.6072
2,3.87E-05,34498.1561,58034.3041,454.07588,0.945919037,0.974659271,1.72644081,3.79E-05,5.36E-05,33468.4302,72784.0509
2,4.46E-05,31225.1341,55613.1786,448.381589,0.927684784,0.965596038,1.94177208,4.33E-05,6.48E-05,29922.2793,80313.7069
2,4.21E-05,32868.2045,58382.7133,479.656633,0.960018158,0.971523471,1.14126893,4.10E-05,4.70E-05,31786.0821,38561.848
2,4.05E-05,31689.3687,59622.0025,544.75073,0.968330383,0.976392677,1.1014004,3.96E-05,4.46E-05,30905.6948,35074.9025
2,4.41E-05,30839.4431,58102.7022,474.596773,0.953891754,0.972062111,1.30986531,4.30E-05,5.24E-05,29844.6593,45533.1247
2,4.21E-05,31393.4943,59285.403,563.098406,0.966247559,0.975023597,1.10944287,4.11E-05,4.64E-05,30528.9272,35249.2031
2,5.29E-05,29732.10237,55017.74705,422.4299197,0.898910523,0.973450467,4.680198741,5.16E-05,0.000123681,28786.45412,229088.3446
2,5.15E-05,30329.03926,36827.64177,366.4286089,0.612575531,0.965793416,75.71837653,5.00E-05,0.001420058,29023.43078,4119206.882
2,4.43E-05,31852.02814,54232.2054,402.508222,0.887359619,0.972996582,6.567701968,4.32E-05,0.000148319,30821.3618,334830.3325
2,4.19E-05,33107.67035,56248.57768,424.8948157,0.918987274,0.973770431,3.6537232,4.09E-05,9.25E-05,32123.44563,176513.9389
2,4.09E-05,32116.2852,59513.768,515.918541,0.967918396,0.975899006,1.10212031,3.99E-05,4.50E-05,31309.8782,35539.5132
2,4.42E-05,31448.8698,58881.6056,477.132494,0.962989807,0.97358649,1.12711898,4.31E-05,4.89E-05,30472.537,36405.9882
2,4.05E-05,31729.5352,58972.9494,517.156857,0.959251404,0.975653568,1.30512916,3.96E-05,4.81E-05,30864.5517,46458.9298
2,4.05E-05,32801.346,58710.9361,490.393492,0.96049118,0.973366987,1.15312839,3.96E-05,4.51E-05,31753.976,39459.9734
2,4.60E-05,31721.7257,56034.5413,444.056982,0.923732758,0.970016713,2.26788294,4.48E-05,7.18E-05,30535.5351,99220.1811
2,4.24E-05,30994.0886,59849.3353,559.432005,0.969684601,0.977325754,1.09667066,4.15E-05,4.65E-05,30261.6886,34151.0664
2,0.00013581,15126.3017,60502.2194,403.073072,0.973155975,0.980055284,1.08544248,0.000132041,0.000152207,14882.1391,16157.9125
2,7.87E-05,20787.9641,59131.1596,525.230461,0.965484619,0.974297675,1.11146387,7.67E-05,8.73E-05,20232.3783,23208.7799
2,0.000150328,13090.6989,59999.1664,430.6664,0.970317841,0.977972725,1.09509054,0.000145953,0.000169468,12834.0512,14188.9383
2,0.000143282,14398.3185,60003.043,406.129445,0.970329285,0.978000053,1.09512744,0.000139031,0.000161958,14135.7951,15519.2782
2,5.88E-05,27937.8863,58845.1774,457.767703,0.962150574,0.973730354,1.15952331,5.73E-05,6.61E-05,27130.4132,33963.151
2,8.62E-05,21245.882,60383.3253,399.347326,0.972507477,0.979535139,1.08763125,8.42E-05,9.46E-05,20805.7632,23133.6826
2,0.000155248,12885.0934,60648.5389,435.245817,0.973960876,0.980658247,1.08277363,0.000151155,0.000172929,12683.9351,13734.7105
2,7.06E-05,24875.4523,59044.6355,438.529718,0.965042114,0.973962875,1.11276236,6.87E-05,7.88E-05,24184.6977,27868.4031
2,6.48E-05,26846.825,57516.5835,364.25123,0.94304657,0.972437378,1.83634246,6.32E-05,8.49E-05,25959.5723,69936.9668
2,9.33E-05,20735.8829,60499.8477,356.668092,0.973148346,0.980050595,1.08545967,9.12E-05,0.000102598,20314.3557,22553.5765
2,8.98E-05,23460.2633,59032.4382,324.818783,0.955917358,0.977162609,1.42999055,8.76E-05,0.000105259,22771.9488,44597.7743
2,7.36E-05,25257.37234,46914.27957,349.0241982,0.774047852,0.969391939,24.18715843,7.17E-05,0.00050292,24252.98607,1292015.517
2,7.73E-05,27744.79842,56140.49962,369.2514119,0.927970886,0.969231168,2.400840638,7.51E-05,0.000109759,26701.99636,101666.5472
2,0.000125776,23534.5052,60122.6396,326.489938,0.969573975,0.978956047,1.11565229,0.000122885,0.000138571,22917.7821,27606.4644
2,7.38E-05,28868.0691,58672.8281,385.194204,0.956562042,0.974724886,1.34452695,7.20E-05,8.56E-05,28000.1788,45526.3821
2,7.24E-05,30738.9643,58296.3111,451.182011,0.956748962,0.972099191,1.19561295,7.07E-05,8.11E-05,29664.8643,39525.7091
2,5.22E-05,29460.71556,56715.40066,458.4513812,0.928527832,0.972599636,2.423338884,5.09E-05,8.18E-05,28457.79217,105294.6258
2,6.26E-05,25885.2069,59503.8329,455.054076,0.967254639,0.976004508,1.10731043,6.10E-05,6.94E-05,25206.7707,29073.4
2,5.83E-05,27229.30176,34588.13304,270.4018006,0.57157135,0.968019342,95.53229655,5.67E-05,0.001788947,26036.71257,5201070.256
2,5.76E-05,30121.07799,50894.22401,400.6250956,0.832176209,0.972620757,11.97142981,5.62E-05,0.000262017,29066.55014,629017.5401
2,5.45E-05,31825.92487,45521.50355,401.2310961,0.754226685,0.967212687,26.22558411,5.31E-05,0.000518706,30437.95966,1411351.095
2,4.56E-05,34061.9225,57528.0181,513.967314,0.950454712,0.969439297,1.25722246,4.45E-05,5.28E-05,32771.8052,46506.4133
2,3.43E-05,36371.35252,55860.9667,691.5179713,0.91891861,0.970801741,2.687595319,3.34E-05,6.65E-05,35146.03616,127203.0219
2,5.09E-05,29869.0019,60351.2838,510.467974,0.972431183,0.979419743,1.08750409,4.97E-05,5.58E-05,29242.0017,32548.1747
2,6.44E-05,27154.4987,59588.7483,432.501562,0.963066101,0.978101641,1.26845557,6.28E-05,7.43E-05,26505.2061,39541.5886
2,6.39E-05,27046.84343,53005.92424,397.1083628,0.861553192,0.975207732,7.65323771,6.23E-05,0.000190265,26223.38624,389085.8098
2,5.40E-05,32362.34365,50697.7001,428.9322551,0.839298248,0.967927891,9.344369057,5.26E-05,0.000210013,31001.51227,487603.5528
2,5.04E-05,31602.31233,50256.06113,439.5891435,0.825897217,0.970680503,11.34076312,4.92E-05,0.000242248,30402.67536,596120.017
2,4.51E-05,34372.1955,60248.8529,527.712863,0.971492767,0.979086375,1.0926034,4.41E-05,4.94E-05,33593.9867,37906.5199
2,5.25E-05,31593.93916,56716.90783,435.6830192,0.919811249,0.976470917,3.656617158,5.13E-05,0.000104309,30724.59854,175295.5332
2,4.80E-05,33476.46799,51363.57148,461.3553699,0.847572327,0.968933512,7.288688791,4.67E-05,0.000165558,32138.39424,376316.8734
2,4.61E-05,29739.25901,38333.59453,352.8168385,0.637992859,0.965197338,59.09738189,4.48E-05,0.001109643,28333.73224,3208819.729
2,5.06E-05,28731.7538,58448.4261,463.779458,0.954406738,0.973968497,1.29538001,4.95E-05,5.90E-05,27802.2073,42834.1877
2,5.33E-05,27831.1098,59645.7256,485.410244,0.961978912,0.978835679,1.35183672,5.22E-05,6.31E-05,27182.7665,44952.2175
2,5.31E-05,28083.19123,52561.54953,390.8852185,0.866592407,0.969611098,7.219860483,5.18E-05,0.000169863,26926.77365,366518.4896
2,5.83E-05,27667.92369,40104.06233,322.2289778,0.668907166,0.964330575,48.68731849,5.67E-05,0.000933295,26237.35,2636632.139
2,6.00E-05,26192.51808,45923.42607,367.7162478,0.760688782,0.967565485,25.79790938,5.85E-05,0.000517067,24989.81481,1381599.937
2,5.75E-05,27737.47538,39205.33965,367.7616874,0.671821594,0.953367512,37.08880472,5.56E-05,0.00072087,25765.47465,2001363.25
2,6.13E-05,23812.9785,60311.5467,510.038092,0.971801758,0.979353266,1.09219517,5.99E-05,6.69E-05,23277.8281,26368.0932
2,5.31E-05,28884.22535,53720.56169,448.1229417,0.892131805,0.966969894,4.274520301,5.18E-05,0.0001162,27574.61297,206080.4031
2,6.50E-05,28026.61817,40191.20757,367.3518633,0.686920166,0.954171756,25.93752978,6.30E-05,0.000524947,26032.86369,1391327.848
2,7.08E-05,22904.61177,52097.25979,371.593018,0.856964111,0.970420579,10.02297384,6.89E-05,0.000241288,21964.61563,514106.313
2,5.89E-05,26771.52376,54327.75829,438.5096074,0.897888184,0.968579022,3.073986071,5.74E-05,0.000101045,25599.39581,138016.8163
2,6.26E-05,25100.18149,55922.80415,453.5376132,0.919708252,0.970846661,2.630316592,6.11E-05,9.67E-05,24070.82582,111960.6018
2,6.63E-05,21941.3369,59853.6466,476.090856,0.967330933,0.978170699,1.15310226,6.47E-05,7.38E-05,21417.5093,27501.2475
2,6.21E-05,24454.191,51251.67919,403.4944779,0.844985962,0.969462383,8.861382821,6.05E-05,0.000209793,23367.2624,452454.2307
2,6.11E-05,25927.90218,53891.14243,424.2014738,0.890163422,0.968913068,3.992644337,5.95E-05,0.000120058,24801.70013,187356.9761
2,6.42E-05,23871.4728,56961.5758,448.045327,0.938014984,0.970516565,1.70135388,6.26E-05,8.18E-05,22904.0467,59548.0438
2,6.79E-05,22449.72904,52676.85,424.590746,0.874694824,0.96672664,4.525212113,6.60E-05,0.000137592,21343.34786,212421.5221
2,5.99E-05,25917.95402,44011.70746,369.0468267,0.738391876,0.962145093,20.9108812,5.82E-05,0.000427685,24423.32702,1113715.917
