Grade,Energy,Entropy,Correlation,Contrast,Homogeneity,Variance,Sum Mean,Inertia,Cluster Shade,Cluster Tendency,Max Probability,Inverse Variance
1,0.1652849,0.9678492,0.5387397,0.527813,0.07961945,1.537618,12.80717,0.527813,-42.13982,706.7087,0.2567782,0.308302
1,0.2018317,0.9348694,0.6883036,0.5350816,0.07865947,1.099308,12.86781,0.5350816,-24.59446,387.5941,0.3874835,0.3200599
1,0.2235297,0.9473613,0.6236531,0.5888714,0.0806161,1.214979,12.58578,0.5888714,-29.27663,454.618,0.4248764,0.2975677
1,0.20604783,0.94161715,0.44534097,0.57428714,0.078692765,1.9075615,13.032462,0.57428714,-71.36209,1167.9397,0.31858115,0.27947213
1,0.14623327,1.1159186,0.36658787,0.8161012,0.084146521,2.2281629,12.310643,0.8161012,-74.15041,1205.3546,0.2865212,0.39796182
1,0.14204479,1.1476217,0.33238108,0.8486546,0.083551434,2.4973835,12.348496,0.8486546,-77.935253,1137.9503,0.30076987,0.39406457
1,0.11552818,1.2264825,0.27544676,0.96314448,0.084473622,3.0590847,12.351776,0.96314448,-97.067006,1497.4953,0.25824438,0.39509329
1,0.2233985,0.9388572,0.5646871,0.6048449,0.08010945,1.383893,12.68152,0.6048449,-40.16579,595.537,0.4242144,0.3381677
1,0.12064886,1.1837919,0.36285951,0.99790126,0.079497172,2.1015043,12.906427,0.99790126,-61.62574,1044.5265,0.26674629,0.41647486
1,0.1173283,1.193482,0.355094,0.9359501,0.07995437,2.223524,12.81229,0.9359501,-53.49562,848.1303,0.2457137,0.3655772
1,0.10455182,1.2684661,0.30296448,1.1837852,0.081087108,2.5279225,12.759881,1.1837852,-74.049794,1287.471,0.25035635,0.43780285
1,0.12507225,1.173347,0.35998958,0.96381145,0.079945507,2.1576677,12.856726,0.96381145,-65.17505,1089.2917,0.27682032,0.41804367
1,0.096058425,1.2957775,0.28090626,1.2661873,0.082971219,2.7364649,12.512819,1.2661873,-78.307955,1313.9563,0.21940155,0.44134698
1,0.088216818,1.3469892,0.22518345,1.3342777,0.086614523,3.6228025,12.200627,1.3342777,-120.32803,1993.0216,0.20453661,0.44174905
1,0.11295239,1.2232895,0.30676371,0.98682579,0.081313296,2.6535537,12.680553,0.98682579,-76.537529,1167.5104,0.23810187,0.38623142
1,0.21152459,0.97646424,0.38787874,0.64634847,0.079034821,2.1991249,13.05137,0.64634847,-81.139407,1379.0053,0.39295164,0.26721607
1,0.091897696,1.3220591,0.26012965,1.2095487,0.084360515,3.0921319,12.325636,1.2095487,-88.402466,1382.5317,0.21574328,0.44591118
1,0.045817071,1.5882412,0.15065967,1.8146365,0.092626734,5.5531639,11.669478,1.8146365,-137.05453,2283.4663,0.10972954,0.44904749
1,0.080984911,1.3429591,0.27924436,1.1809183,0.083717363,2.8346872,12.336057,1.1809183,-66.451605,1007.9145,0.18543765,0.45002395
1,0.1046838,1.240809,0.3725414,1.067924,0.08123741,1.946433,12.55089,1.067924,-37.17234,568.3899,0.2422099,0.438381
1,0.1176261,1.205675,0.3499507,0.9926267,0.08111538,2.218002,12.66211,0.9926267,-61.06261,975.1856,0.268225,0.4233636
1,0.1218023,1.155005,0.4008269,1.017039,0.0822682,1.783114,12.51537,1.017039,-50.71956,929.4334,0.2330936,0.4331035
1,0.072159715,1.3885635,0.2071724,1.2511932,0.083850755,4.0885322,12.697921,1.2511932,-149.45996,2664.5942,0.14771825,0.4579964
1,0.07037814,1.348125,0.3089989,1.372331,0.078543,2.248911,13.03106,1.372331,-46.13866,821.5556,0.1503214,0.4845111
1,0.068464057,1.400237,0.2389473,1.4559446,0.079873049,3.247174,13.00628,1.4559446,-94.027465,1627.1572,0.13959225,0.46819702
1,0.076269339,1.3581556,0.23943655,1.400911,0.080078133,3.2867962,13.076371,1.400911,-114.69334,2064.6368,0.159433,0.47130996
1,0.10415005,1.3113137,0.21865389,1.2267663,0.081178645,3.8438018,12.942686,1.2267663,-138.71222,2279.0699,0.25404553,0.41623766
1,0.062985346,1.4608259,0.19084126,1.6382902,0.083154699,4.2234405,12.7314,1.6382902,-137.23329,2385.2604,0.15473748,0.47653915
1,0.065617244,1.4249788,0.20868719,1.6544143,0.082400823,3.7290461,12.845206,1.6544143,-128.42701,2343.7342,0.14434888,0.47748075
1,0.04586639,1.5660191,0.16017014,1.9030697,0.085670342,5.0724853,12.499885,1.9030697,-150.80062,2713.4318,0.10354623,0.46924497
1,0.040506695,1.637678,0.10861853,1.7552081,0.095814159,8.2240532,11.85399,1.7552081,-265.5927,4816.0929,0.095433502,0.46084066
1,0.06527553,1.6103088,0.098147213,1.6887766,0.10139202,9.2595495,11.457484,1.6887766,-254.46751,4810.1819,0.22208272,0.38212726
1,0.078342051,1.5077138,0.10547823,1.3225699,0.097122616,8.7656615,11.855667,1.3225699,-301.79265,5296.0997,0.23463327,0.38671242
1,0.067997365,1.3646894,0.28836014,1.389311,0.079544684,2.5072722,12.94335,1.389311,-59.402504,1073.1504,0.14219104,0.48291684
1,0.079028567,1.3605749,0.23953431,1.3491991,0.08017323,3.3281687,13.015767,1.3491991,-107.63937,1852.582,0.18376925,0.44380433
1,0.069736686,1.6036141,0.10832013,2.1331252,0.093913029,8.0015018,11.999443,2.1331252,-245.70682,4396.8946,0.23202177,0.38105679
1,0.070186965,1.413904,0.19912397,1.5191945,0.083128165,4.0891005,12.766906,1.5191945,-145.2616,2533.1348,0.16199539,0.47815895
1,0.1028775,1.212784,0.3699434,1.040202,0.07688445,2.000251,13.27838,1.040202,-50.23099,780.0582,0.184424,0.4650253
1,0.09925807,1.2395092,0.31738739,1.0966504,0.078703808,2.4438984,13.122313,1.0966504,-80.832483,1417.9305,0.19600553,0.46589203
1,0.13265014,1.1669854,0.34863704,0.99465306,0.077713241,2.2285002,13.225961,0.99465306,-73.062372,1228.0562,0.28390274,0.38493382
1,0.14520906,1.2844054,0.18045189,1.3060817,0.082145304,4.7855612,12.992814,1.3060817,-196.55927,3346.8722,0.34949438,0.35634132
1,0.084506166,1.3279796,0.27266251,1.3185945,0.07767322,2.8061228,13.258658,1.3185945,-80.866053,1336.5002,0.19202925,0.46063732
1,0.08718384,1.287461,0.324726,1.225969,0.07790517,2.235436,13.15178,1.225969,-57.46139,971.9416,0.1743936,0.4752344
1,0.1028727,1.225793,0.3506096,1.058891,0.07727102,2.149845,13.24679,1.058891,-58.41853,934.348,0.1946765,0.4639654
1,0.065589728,1.4667078,0.17167536,1.5621265,0.084890666,4.8958491,12.574202,1.5621265,-164.53219,2746.676,0.1462912,0.45982638
1,0.11674131,1.1628787,0.37204204,0.98021664,0.076902281,2.0432035,13.348924,0.98021664,-70.125969,1256.4952,0.19788957,0.45886215
1,0.10365359,1.1967174,0.36876152,1.0173973,0.077909109,2.0328496,13.147821,1.0173973,-62.729664,1080.1684,0.19871975,0.4720299
1,0.069014443,1.4123492,0.21582732,1.4647256,0.082860492,3.7215064,12.691853,1.4647256,-118.30051,2017.59,0.15445928,0.47380508
1,0.095577266,1.4195853,0.16229714,1.5048629,0.084760802,5.2843094,12.623897,1.5048629,-170.80566,2738.6472,0.26256817,0.39012244
1,0.12481951,1.4547056,0.10739891,1.657593,0.09467637,8.3912118,12.072717,1.657593,-294.21357,5167.1023,0.33609887,0.33796932
1,0.061501825,1.4701219,0.18645861,1.7645007,0.082979832,4.248788,12.785501,1.7645007,-143.55418,2535.2162,0.13269542,0.46689426
1,0.19182338,0.93243462,0.46545659,0.6641774,0.078257447,1.7379881,13.126317,0.6641774,-72.08105,1225.9416,0.32155002,0.38762544
1,0.20084964,0.91944753,0.43256292,0.64931191,0.077664694,1.9213122,13.27186,0.64931191,-85.632048,1484.9799,0.31890747,0.36782296
1,0.2662201,0.83891365,0.46871777,0.54948032,0.076153624,1.8095687,13.448314,0.54948032,-78.672284,1277.8994,0.45894324,0.32737335
1,0.17098784,1.0335142,0.37860468,0.80767975,0.077715814,2.1440141,13.211308,0.80767975,-80.955202,1293.8605,0.2939954,0.38546605
1,0.2076561,0.9369246,0.4908855,0.644557,0.07628089,1.635965,13.38056,0.644557,-60.45972,970.3652,0.3669929,0.360897
1,0.2614443,0.8370033,0.5501865,0.5109016,0.0756486,1.509987,13.45439,0.5109016,-57.96626,899.8423,0.4483872,0.3217807
1,0.2153622,0.88239157,0.47314008,0.59306413,0.077094049,1.7568322,13.290478,0.59306413,-74.509995,1234.4994,0.3309785,0.35040296
1,0.066240213,1.4042232,0.24992271,1.2723696,0.080287871,3.2079209,12.860574,1.2723696,-75.249908,1177.2628,0.14837924,0.47579544
1,0.062312269,1.4348127,0.23726332,1.3917946,0.081977223,3.3354885,12.667767,1.3917946,-78.535366,1299.3868,0.15128507,0.48039535
1,0.055285607,1.4870812,0.19917929,1.5515384,0.083293412,4.0620467,12.629528,1.5515384,-113.61375,1981.1861,0.13369098,0.47998694
1,0.054700387,1.5451289,0.1493312,1.6940511,0.088175691,5.7021764,12.1908,1.6940511,-161.32271,2578.0907,0.14758383,0.47127885
1,0.069958708,1.3898996,0.2362059,1.4806405,0.080268589,3.2774272,12.951184,1.4806405,-100.33689,1705.4441,0.15212558,0.47970046
1,0.075596061,1.3782143,0.2422696,1.4728524,0.081315952,3.1674379,12.841527,1.4728524,-95.238664,1644.4577,0.18136833,0.47270305
1,0.1173864,1.3979023,0.17104957,1.6921543,0.083891987,4.8201531,12.66534,1.6921543,-148.75342,2404.3172,0.31359031,0.35469772
1,0.07041881,1.413071,0.21199097,1.5058283,0.081614608,3.776926,12.839376,1.5058283,-117.18335,1924.2221,0.14354457,0.46500842
1,0.080933022,1.3270315,0.27027879,1.3157633,0.07934061,2.8435429,12.995343,1.3157633,-80.143266,1246.1433,0.1649526,0.47956711
1,0.083121796,1.3199517,0.27945281,1.3300919,0.080187361,2.695725,12.891011,1.3300919,-79.675776,1324.5242,0.18934771,0.48240391
1,0.09466393,1.257546,0.3329222,1.169225,0.0781684,2.208809,13.08091,1.169225,-55.46472,838.4143,0.1955658,0.475046
1,0.081568288,1.3125494,0.28087462,1.2900115,0.078978509,2.7143872,13.095869,1.2900115,-83.771035,1426.3603,0.15762776,0.48122293
1,0.088273323,1.2604605,0.3345879,1.16311,0.077875386,2.197882,13.278932,1.16311,-68.446719,1306.6866,0.16153463,0.48126417
1,0.090727516,1.2739337,0.30408154,1.2224851,0.079015929,2.4764353,13.06741,1.2224851,-77.36911,1334.0574,0.18902638,0.47865755
1,0.065159669,1.4580539,0.18061665,1.6481795,0.083592097,4.5286654,12.712545,1.6481795,-154.11295,2618.5831,0.14621567,0.45539954
1,0.058529959,1.6039905,0.11492156,2.0363414,0.092740074,7.5242079,12.024296,2.0363414,-233.95437,4067.9014,0.19209912,0.40876937
1,0.14970915,1.2725982,0.16820701,1.1606037,0.08436504,5.2934076,12.677777,1.1606037,-194.86072,3029.7791,0.35194936,0.3387175
1,0.10355541,1.3935189,0.13034651,1.3785038,0.090579128,6.9063788,12.260906,1.3785038,-264.22463,4436.4889,0.26932554,0.36985638
1,0.07391256,1.3669644,0.25690622,1.3330576,0.080425777,3.0387638,12.88589,1.3330576,-85.522675,1409.8012,0.16284461,0.47509566
1,0.066784757,1.4157007,0.24324142,1.5727034,0.081583246,3.0514768,12.679775,1.5727034,-74.182839,1187.9868,0.1624086,0.47831532
1,0.052208234,1.5316595,0.16893207,1.9016102,0.08506198,4.7295213,12.499242,1.9016102,-140.48985,2353.0563,0.11287939,0.46780307
1,0.085307612,1.3010459,0.30153099,1.218059,0.077765846,2.5123339,13.201773,1.218059,-66.475779,1054.1744,0.16045301,0.47284175
1,0.070363957,1.3945169,0.2238507,1.467505,0.08250537,3.5420175,12.705997,1.467505,-113.87284,1923.665,0.15990656,0.48148719
1,0.095985698,1.2705721,0.28319222,1.1898283,0.079339013,2.7740831,13.053033,1.1898283,-91.390212,1512.5909,0.19520653,0.45336383
1,0.086850926,1.2921176,0.29659095,1.2888694,0.078872236,2.5034141,13.07698,1.2888694,-75.028342,1290.465,0.17332474,0.47228723
1,0.065608579,1.4549153,0.18729527,1.3751135,0.084132995,4.5286842,12.638252,1.3751135,-142.18436,2432.1802,0.15764592,0.46084259
1,0.07060909,1.384865,0.2770758,1.384586,0.07862141,2.674797,13.0531,1.384586,-54.41532,912.9393,0.172963,0.468325
1,0.035490146,1.6414236,0.15819044,2.2031231,0.085438423,4.8999543,12.386217,2.2031231,-102.71741,1919.9849,0.085821859,0.4671399
1,0.050062933,1.5198622,0.18705032,1.6406764,0.083301173,4.3342118,12.667522,1.6406764,-117.5942,2064.4889,0.11753779,0.47241838
1,0.051775813,1.5163456,0.18484026,1.5820021,0.08330127,4.4475239,12.618188,1.5820021,-113.47496,1871.5942,0.12296881,0.47636782
1,0.063687954,1.4630677,0.19349418,1.442392,0.083183644,4.3010344,12.636592,1.442392,-120.93258,1966.9811,0.16489095,0.46202867
1,0.13043584,1.3494636,0.15005831,1.3622734,0.090200384,5.893782,12.567459,1.3622734,-227.90531,4209.3488,0.33377735,0.34320371
1,0.053598425,1.5477142,0.15188373,1.6629277,0.086715472,5.6078779,12.395317,1.6629277,-163.77707,2786.3365,0.13639623,0.4491512
1,0.058436311,1.5121501,0.16367339,1.5077813,0.086550226,5.2289421,12.309123,1.5077813,-145.98864,2336.662,0.14969367,0.45503895
1,0.056251061,1.4746535,0.21350121,1.3809172,0.08287417,3.8422237,12.591926,1.3809172,-88.30332,1470.7911,0.13756037,0.46982181
1,0.079840129,1.3540379,0.23420597,1.4084377,0.080204397,3.3800368,13.08578,1.4084377,-118.14505,2123.3037,0.16092633,0.45875002
1,0.099805157,1.2667775,0.30379868,1.219942,0.078228237,2.4824087,13.18866,1.219942,-74.423282,1288.0512,0.18645269,0.44145718
1,0.064282942,1.3860645,0.27895751,1.3742779,0.077859172,2.6576535,13.193184,1.3742779,-57.213844,1056.636,0.14270419,0.4760506
1,0.082849736,1.3023644,0.30895252,1.2740673,0.077675109,2.3647956,13.222797,1.2740673,-64.401846,1164.3978,0.17552217,0.47079865
1,0.082958545,1.3127048,0.28348752,1.2064422,0.078901494,2.7553078,13.122781,1.2064422,-83.338757,1478.0363,0.17174754,0.46730051
1,0.07860956,1.315341,0.3090004,1.284376,0.08027512,2.352669,12.78993,1.284376,-57.30888,960.9902,0.1708306,0.4847232
1,0.063787344,1.4125982,0.2517393,1.448478,0.081352547,3.0193003,12.720401,1.448478,-72.044031,1203.186,0.14548119,0.48068588
1,0.06659467,1.4009709,0.25240958,1.4469555,0.081620716,3.0096659,12.688369,1.4469555,-76.540153,1314.683,0.15273783,0.47069772
1,0.08440233,1.3333535,0.25580096,1.2619518,0.081259058,3.1187203,12.836447,1.2619518,-102.73584,1824.6584,0.20550865,0.46686417
1,0.098341779,1.254858,0.32813091,0.9567265,0.079414576,2.4534436,12.943134,0.9567265,-65.59926,1078.3914,0.2288326,0.4533833
1,0.085971602,1.3161183,0.26217091,1.022765,0.08159919,3.2062517,12.782822,1.022765,-100.46554,1734.1166,0.20382598,0.45746057
1,0.080659996,1.3465426,0.25192857,1.2334064,0.081379995,3.2059928,12.797383,1.2334064,-100.58366,1696.5256,0.19366856,0.47335501
1,0.062216489,1.4296127,0.23749023,1.5396626,0.082536693,3.1966257,12.630705,1.5396626,-85.766894,1496.6565,0.14618727,0.48672272
1,0.0674128,1.4207769,0.21378595,1.4735322,0.081942811,3.7615231,12.756067,1.4735322,-105.43263,1670.9322,0.13963807,0.46815702
1,0.11112227,1.3513552,0.19966446,1.3793741,0.082359734,4.1830417,12.892351,1.3793741,-146.7384,2539.608,0.29047641,0.37652236
1,0.13356096,1.438733,0.11681066,1.6907084,0.091064371,7.6102438,12.301615,1.6907084,-262.97374,4580.02,0.34951643,0.32452073
1,0.17788399,1.3777338,0.11045668,1.7353644,0.092107326,8.0815097,12.196677,1.7353644,-267.02001,4556.5974,0.41297863,0.28263192
1,0.07578008,1.3445174,0.29124049,1.2669103,0.080600709,2.5951502,12.766511,1.2669103,-63.356229,1040.9876,0.17365196,0.47990296
1,0.085988772,1.3208563,0.25403176,1.2671276,0.080369871,3.1429913,12.934679,1.2671276,-102.33249,1691.763,0.19174826,0.46965078
1,0.094233933,1.2639549,0.30332707,1.1429819,0.078785907,2.5603887,13.079614,1.1429819,-79.132138,1306.9486,0.1888933,0.47280529
1,0.066479635,1.4392285,0.1888945,1.5462912,0.083642073,4.3536741,12.650639,1.5462912,-143.03255,2347.6796,0.15590936,0.47610868
1,0.057384399,1.5053271,0.16229321,1.6134979,0.087414101,5.2071773,12.300519,1.6134979,-168.55356,2825.0852,0.12870669,0.4613766
1,0.071309289,1.3731476,0.24998508,1.3907653,0.079752894,3.103824,13.015429,1.3907653,-91.504467,1566.8633,0.14833811,0.47465038
1,0.070110174,1.4398359,0.18327519,1.5384425,0.083870596,4.5296983,12.672834,1.5384425,-151.90481,2560.081,0.14843418,0.45092348
1,0.059888863,1.5565059,0.13179295,1.8359147,0.089577732,6.5197048,12.265944,1.8359147,-207.69528,3554.1829,0.1797171,0.42363088
1,0.060357361,1.4575846,0.19290063,1.5960737,0.086074122,4.1974543,12.433131,1.5960737,-146.57346,2672.0736,0.14300925,0.48778311
1,0.054900296,1.454177,0.22657191,1.7366674,0.083298246,3.2245549,12.590398,1.7366674,-88.2001,1685.2524,0.10687587,0.48973865
1,0.059704713,1.4641201,0.19235258,1.5478739,0.086634775,4.2528152,12.271967,1.5478739,-134.38817,2292.1495,0.13110449,0.46948764
1,0.068784521,1.3965864,0.24945853,1.4481389,0.082307302,3.0599003,12.621801,1.4481389,-80.346823,1346.0313,0.15123292,0.46262758
1,0.076187298,1.3799319,0.23595534,1.3522912,0.082652205,3.3941037,12.599407,1.3522912,-92.400622,1496.1707,0.17981035,0.42496354
1,0.077474685,1.4091223,0.17926692,1.4993445,0.085359634,4.6859173,12.508957,1.4993445,-160.6311,2631.0105,0.17523233,0.43236723
1,0.093079725,1.3045836,0.26572419,1.1713517,0.081467417,3.0380364,12.717954,1.1713517,-87.84514,1375.413,0.20054654,0.41584968
1,0.088525553,1.2940482,0.30983533,1.1482366,0.080336059,2.4807994,12.813024,1.1482366,-62.909588,1024.9249,0.17150219,0.43581684
1,0.058797094,1.4563048,0.22449931,1.5614145,0.083379626,3.4450191,12.461068,1.5614145,-82.905369,1335.2441,0.13093251,0.48392007
1,0.052664377,1.5510893,0.14987324,1.8722232,0.087955725,5.5465276,12.258578,1.8722232,-169.90535,2853.7771,0.12269742,0.447698
1,0.049572615,1.6327258,0.11095222,1.8751302,0.09560757,7.9501747,11.704765,1.8751302,-213.76436,3701.4999,0.15935768,0.41588936
1,0.060198176,1.54343,0.13871973,1.6125215,0.088408443,6.2838302,12.227831,1.6125215,-180.73339,2945.4037,0.17792448,0.42045197
1,0.066057516,1.4100596,0.21010947,1.6035233,0.082571736,3.7395671,12.860484,1.6035233,-137.0419,2583.3567,0.14361553,0.47579169
1,0.08009322,1.3293539,0.24110058,1.2888578,0.081295906,3.3495058,12.911692,1.2888578,-123.89863,2197.3653,0.16288444,0.48055141
1,0.095855238,1.2380937,0.32887594,1.1211056,0.078223902,2.2986828,13.242165,1.1211056,-79.292503,1495.1922,0.18151814,0.47080497
1,0.06046435,1.403818,0.2778589,1.678326,0.08117034,2.265407,12.63987,1.678326,-38.19563,740.3434,0.1353773,0.4917597
1,0.10494407,1.3665845,0.13930517,1.2288157,0.090440799,6.5002694,12.481879,1.2288157,-291.58031,5333.248,0.27328829,0.38121721
1,0.10545707,1.3393184,0.18833264,1.3514726,0.085483225,4.5147488,12.674547,1.3514726,-178.35125,3256.9814,0.27076414,0.37823061
1,0.055676232,1.4503725,0.24698742,1.7278297,0.083026663,2.7979915,12.447322,1.7278297,-56.101722,1041.6988,0.10901426,0.49049712
1,0.056148962,1.4687937,0.21681307,1.6982252,0.085119876,3.4906182,12.359287,1.6982252,-95.316413,1728.0705,0.12424667,0.48596057
1,0.065090224,1.3988115,0.26205903,1.5241482,0.081558072,2.7642126,12.65583,1.5241482,-65.334783,1127.8608,0.1422308,0.49056124
1,0.059659836,1.561246,0.10994719,1.7574442,0.097080728,8.1101546,11.877431,1.7574442,-295.32458,5283.1254,0.17539234,0.41280515
1,0.065679109,1.416993,0.22269482,1.6466941,0.082654175,3.403839,12.692125,1.6466941,-108.1013,1913.0266,0.14989944,0.48357135
1,0.073120172,1.3589642,0.24198164,1.4017394,0.081400601,3.2377289,12.82944,1.4017394,-106.78985,1827.0156,0.15004641,0.4859726
1,0.075678381,1.3597813,0.22304801,1.4080648,0.083135284,3.6088688,12.733891,1.4080648,-136.59599,2477.1362,0.16874291,0.47867623
1,0.064599236,1.4065654,0.2520568,1.5209501,0.081606548,2.941984,12.681403,1.5209501,-73.031347,1204.8054,0.14656469,0.48779515
1,0.066653425,1.4389353,0.18867184,1.4830528,0.084851826,4.4091419,12.531764,1.4830528,-149.39564,2534.0042,0.15695074,0.47196316
1,0.073544329,1.3924792,0.20884715,1.2806852,0.084416917,4.026703,12.468276,1.2806852,-123.29811,1942.3614,0.15103728,0.45217206
1,0.11315663,1.3583426,0.18146509,1.342079,0.0839609,4.7288747,12.671582,1.342079,-161.85713,2652.7381,0.29559918,0.37046309
1,0.084903227,1.3309844,0.25471663,1.2937193,0.081720303,3.109284,12.785846,1.2937193,-101.126,1742.0014,0.20211627,0.46715456
1,0.060214067,1.5076572,0.15671206,1.6983074,0.086710831,5.3725297,12.335225,1.6983074,-154.34381,2458.4328,0.14491569,0.44793001
1,0.046979987,1.6100935,0.13361234,1.8907579,0.090069298,6.3746143,12.065973,1.8907579,-171.58515,2933.9516,0.13700754,0.43514325
1,0.045581126,1.5886702,0.14890577,1.8582857,0.089254888,5.6015531,12.11349,1.8582857,-160.02938,2762.1259,0.10976795,0.46519332
1,0.070929311,1.3836248,0.22164298,1.4286555,0.083221538,3.6220447,12.67278,1.4286555,-127.08146,2283.0723,0.15596372,0.48220476
1,0.074143403,1.3864748,0.22635358,1.3377019,0.082756991,3.5964559,12.672199,1.3377019,-113.40677,1927.0743,0.18183041,0.47392562
1,0.067130466,1.4223809,0.21119039,1.2182026,0.083503575,4.0173475,12.579904,1.2182026,-118.04833,1994.9925,0.16186886,0.46563183
1,0.0562337,1.4811516,0.1982798,1.3679059,0.085193857,4.2276933,12.428018,1.3679059,-115.40118,2070.4323,0.13280624,0.46259891
1,0.072454173,1.356243,0.27514787,1.2334685,0.083199119,2.8472361,12.464063,1.2334685,-74.438037,1240.3742,0.14432541,0.48602304
1,0.05707793,1.433903,0.2606195,1.473858,0.08458954,2.842084,12.17648,1.473858,-50.14589,784.3909,0.1211047,0.4908607
1,0.064867105,1.4282736,0.22091322,1.3667857,0.085908781,3.6878659,12.255952,1.3667857,-103.66167,1713.6385,0.158308,0.47950388
1,0.08200217,1.3159178,0.28856381,1.3166699,0.080385861,2.580917,12.831489,1.3166699,-73.563941,1258.321,0.19025229,0.48058144
1,0.067928432,1.384807,0.25604685,1.3831614,0.081001381,3.0075354,12.803356,1.3831614,-80.907799,1377.0371,0.14582941,0.4813373
1,0.095395996,1.4117742,0.19431001,1.4811598,0.083442939,4.2493357,12.586179,1.4811598,-109.99034,1736.0931,0.26445128,0.37892271
1,0.069677988,1.3938554,0.24796095,1.4707133,0.082465539,3.065256,12.60003,1.4707133,-83.202786,1455.3773,0.16338603,0.47498085
1,0.087309327,1.3225657,0.25885371,1.2302921,0.081129836,3.0958758,12.837065,1.2302921,-101.48983,1762.9757,0.21056686,0.46697302
1,0.09064427,1.270998,0.3324329,0.9864504,0.07962635,2.386601,12.87871,0.9864504,-58.91484,982.0597,0.20717,0.4618069
1,0.084100008,1.3147594,0.27460993,1.0310429,0.080958839,3.0200957,12.818913,1.0310429,-89.779883,1541.421,0.19723889,0.45826639
1,0.15345209,1.2859671,0.21179253,1.0971247,0.086042662,4.0884813,12.231378,1.0971247,-120.48172,1824.9464,0.36809032,0.3317375
1,0.046126408,1.5719806,0.16033669,1.816534,0.085561276,5.1328512,12.466877,1.816534,-142.27566,2460.5346,0.11545574,0.47683045
1,0.055115628,1.484778,0.20901018,1.7328485,0.080605411,3.6479897,12.967832,1.7328485,-94.843771,1728.5653,0.12816034,0.46431901
1,0.075256955,1.4096543,0.18175629,1.3591065,0.084489018,4.7074061,12.63963,1.3591065,-164.96909,2730.3201,0.16770171,0.46322317
1,0.090953885,1.2603029,0.33972834,1.1298861,0.077426286,2.1813572,13.263073,1.1298861,-60.243583,1114.4777,0.18466349,0.46802795
1,0.095640444,1.3017735,0.2476279,1.1121262,0.081582634,3.372345,12.788675,1.1121262,-108.9809,1723.0882,0.21958176,0.45532508
1,0.092346881,1.3282758,0.22569224,0.960576,0.082131815,3.8828427,12.772437,0.960576,-120.0731,1920.3348,0.21930718,0.41249913
1,0.080814008,1.3472367,0.24470219,0.99886976,0.080816104,3.5039339,12.852901,0.99886976,-96.043659,1494.5349,0.16979063,0.43814779
1,0.081535365,1.3143162,0.29477971,1.0511452,0.080158405,2.742348,12.918253,1.0511452,-75.62207,1327.9241,0.18033725,0.46746198
1,0.081330877,1.3078195,0.31246193,1.0767597,0.077925086,2.515314,13.171665,1.0767597,-61.615293,1020.402,0.16213255,0.4637502
1,0.050183891,1.541872,0.16477579,1.7831785,0.084944153,4.9834667,12.589738,1.7831785,-150.15487,2633.0611,0.11571726,0.46534289
1,0.041062818,1.58064,0.18205803,2.2180105,0.08328984,3.9495456,12.566148,2.2180105,-88.75074,1605.4912,0.09525492,0.48132664
1,0.055999453,1.4780641,0.21440624,1.6691939,0.080267301,3.5757469,12.94103,1.6691939,-85.527726,1385.7839,0.11808968,0.47891671
1,0.037434245,1.6742335,0.13209482,2.5312069,0.086626431,5.9638008,12.357506,2.5312069,-141.86417,2404.6136,0.11209078,0.443325
1,0.061248976,1.5087614,0.16855881,1.8177477,0.082722856,4.8122964,12.760989,1.8177477,-139.48283,2244.8606,0.17238008,0.43455267
1,0.053175236,1.5150366,0.17242526,1.6002247,0.085168489,4.8407391,12.504311,1.6002247,-146.40835,2526.3499,0.13040626,0.47790733
1,0.055820703,1.4780115,0.20498282,1.5866249,0.080881487,3.8813537,12.92031,1.5866249,-105.01801,1794.8803,0.11892163,0.47459737
1,0.047316016,1.5799551,0.1460937,1.7832937,0.087427527,5.7912917,12.354225,1.7832937,-168.88129,2924.5064,0.11504519,0.45380264
1,0.056741499,1.5149766,0.17133124,1.637216,0.084441449,4.8513374,12.580237,1.637216,-136.06257,2261.5447,0.12769952,0.46343506
1,0.04722077,1.5388026,0.18825753,1.841938,0.081636539,4.1255411,12.786177,1.841938,-98.093688,1658.2541,0.11117997,0.47832417
1,0.05556561,1.490753,0.20414911,1.5427946,0.081933061,3.9390542,12.728023,1.5427946,-94.248587,1556.5145,0.12570346,0.45659741
1,0.03527992,1.6774826,0.11578908,2.1157572,0.092330812,7.4017881,12.046017,2.1157572,-217.18972,3904.0142,0.084710673,0.46908006
1,0.061668246,1.4440162,0.23252143,1.5618992,0.08018904,3.2747969,12.943121,1.5618992,-80.143111,1410.4218,0.14999374,0.44646987
1,0.056984848,1.4844519,0.18920692,1.5396398,0.081968967,4.3495589,12.813381,1.5396398,-124.02533,2052.6291,0.12854027,0.46055133
1,0.052644672,1.5246559,0.17314439,1.7282271,0.084506242,4.7176631,12.587513,1.7282271,-139.63904,2448.1885,0.13825576,0.47533679
1,0.047944743,1.5673523,0.15229065,1.7029695,0.087293877,5.5609983,12.286749,1.7029695,-152.98718,2549.5609,0.11070891,0.46013502
1,0.055798753,1.53372,0.16553473,1.8305846,0.084080726,4.9163637,12.65071,1.8305846,-142.28788,2399.8615,0.16264695,0.43892465
1,0.048836813,1.5587261,0.15110304,1.5531323,0.086930009,5.719414,12.304268,1.5531323,-151.99488,2472.074,0.11800873,0.46601267
1,0.07446621,1.335352,0.308142,1.287106,0.07795327,2.359395,13.1138,1.287106,-52.13369,849.8093,0.16033,0.4817366
1,0.064075579,1.404293,0.25335018,1.571272,0.07904237,2.8645988,13.068248,1.571272,-73.39411,1281.7111,0.14328078,0.48123899
1,0.064944355,1.4591346,0.18885893,1.6169779,0.080176288,4.2987204,13.130049,1.6169779,-133.70292,2314.9111,0.16914696,0.43979539
1,0.15308229,1.3165045,0.17126597,1.349896,0.083413264,5.0597095,12.781301,1.349896,-176.12821,2846.3329,0.37084521,0.32984757
1,0.086238256,1.4172695,0.16993942,1.5402622,0.084018649,4.9733301,12.792304,1.5402622,-186.01236,3232.8415,0.23298685,0.40820687
1,0.12960222,1.1785611,0.32545922,1.128914,0.076923129,2.327381,13.370606,1.128914,-76.01937,1266.2467,0.27998515,0.40949477
1,0.059563808,1.4507513,0.2298774,1.6432336,0.080417469,3.2504876,12.936622,1.6432336,-81.880688,1475.8658,0.13885504,0.47514024
1,0.065639015,1.4226429,0.22661722,1.5590399,0.079760464,3.4012597,13.046881,1.5590399,-96.46736,1644.5893,0.14111023,0.46760652
1,0.08012707,1.344862,0.283998,1.316115,0.07897883,2.645148,13.02633,1.316115,-62.61646,999.4679,0.1609788,0.4574578
1,0.082827204,1.3169943,0.2992021,1.052522,0.078335579,2.6877689,13.128172,1.052522,-65.85353,1085.1496,0.16836508,0.44972959
1,0.057185282,1.4644225,0.20847865,1.3768748,0.081684997,3.9632281,12.777906,1.3768748,-102.14338,1684.8372,0.13019413,0.47179973
1,0.054666762,1.5318432,0.15335969,1.627005,0.08786381,5.5677309,12.369895,1.627005,-183.48232,3294.9552,0.14663261,0.46398291
1,0.068691329,1.3921141,0.23692312,1.4069486,0.079035438,3.3285644,13.183142,1.4069486,-101.32051,1774.4626,0.15030805,0.46631235
1,0.20146832,1.173758,0.24781941,1.1935085,0.078920272,3.307103,13.22728,1.1935085,-119.13025,2008.7463,0.42926079,0.30031192
1,0.1435383,1.197932,0.3483335,1.0949,0.07618912,2.134678,13.39099,1.0949,-52.09481,790.3332,0.3354786,0.3646494
1,0.068011268,1.4320712,0.20987961,1.6090647,0.081191781,3.7401106,12.972655,1.6090647,-120.14947,2199.0126,0.16361661,0.44260307
1,0.059708845,1.4481087,0.22372156,1.5800014,0.080790649,3.444947,12.914858,1.5800014,-92.849049,1640.7189,0.13093176,0.47421514
1,0.069279197,1.3682433,0.26359631,1.406147,0.078189955,2.8616319,13.172058,1.406147,-74.975633,1215.4108,0.13848696,0.48350632
1,0.063591607,1.4279142,0.21411596,1.5388851,0.079897399,3.6990588,13.063902,1.5388851,-109.86232,1875.2149,0.13859033,0.46771213
1,0.12813307,1.2395345,0.25799705,1.1988737,0.078894339,3.1351238,13.211837,1.1988737,-113.21212,1947.8522,0.30557425,0.37804829
1,0.056474443,1.5701924,0.12776572,1.6878717,0.089967474,6.8649559,12.224882,1.6878717,-218.24243,3781.0577,0.17360177,0.42408615
1,0.08917274,1.274922,0.3234346,1.112605,0.07775999,2.364498,13.19403,1.112605,-61.70424,990.329,0.1725478,0.470876
1,0.064951336,1.4547441,0.18891305,1.6024806,0.082679937,4.3094684,12.80752,1.6024806,-138.19827,2366.9176,0.15318464,0.45385898
1,0.059306228,1.4896648,0.17716237,1.696352,0.083253414,4.6053524,12.780504,1.696352,-148.66522,2630.5635,0.14944571,0.45240404
1,0.071401735,1.4003951,0.19095655,0.82205813,0.087741924,4.7871892,12.087668,0.82205813,-127.02753,2065.5307,0.17483716,0.43653874
1,0.080814754,1.3424692,0.22425344,0.81803193,0.084667817,4.0035521,12.473208,0.81803193,-121.44926,2063.2555,0.18440912,0.43617197
1,0.079627615,1.3642201,0.19068415,0.76212091,0.086346697,4.8304153,12.273439,0.76212091,-139.5671,2200.7647,0.19241411,0.42904819
1,0.066456413,1.4682848,0.14196112,1.0066693,0.090964512,6.4984547,12.038513,1.0066693,-200.5881,3394.6027,0.16905966,0.4265097
1,0.068296599,1.4309832,0.18255179,1.0396766,0.08537051,4.8960593,12.50989,1.0396766,-151.85687,2644.0441,0.16483502,0.43982764
1,0.09640278,1.259505,0.3200921,0.6975824,0.08215425,2.724156,12.53185,0.6975824,-59.84377,981.7335,0.2211665,0.4291572
1,0.095469254,1.2728424,0.27974413,0.69932239,0.081984256,3.1820011,12.62599,0.69932239,-80.274596,1254.002,0.21973287,0.42150865
1,0.1038352,1.220259,0.3503437,0.677555,0.07953348,2.461608,12.89918,0.677555,-58.3128,961.2508,0.2356469,0.4231065
1,0.09048152,1.268535,0.3249913,0.731573,0.07981007,2.652776,12.89336,0.731573,-56.86169,947.4455,0.1977751,0.4222208
1,0.083167988,1.3115453,0.27295997,0.84484099,0.081032351,3.1760789,12.796054,0.84484099,-84.559088,1406.638,0.18284186,0.44278521
1,0.10530379,1.3003974,0.21356566,1.223845,0.083887694,3.958341,12.684375,1.223845,-147.2303,2484.8474,0.23612449,0.40882377
1,0.12072105,1.2222766,0.25303399,0.99026551,0.081215327,3.3717655,12.886397,0.99026551,-119.9137,1930.575,0.22468019,0.3998323
1,0.15390978,1.1023479,0.32704877,0.79451034,0.080660906,2.5882469,12.846169,0.79451034,-94.056228,1481.6206,0.3157325,0.39190083
1,0.11932978,1.3696227,0.10507792,1.2634782,0.097689215,8.8364819,12.014924,1.2634782,-362.1995,6371.0138,0.28777371,0.33085836
1,0.092902418,1.3594856,0.18621467,1.1927049,0.084947135,4.6868066,12.588114,1.1927049,-168.56214,2810.4349,0.21507952,0.41832169
1,0.076901991,1.4425883,0.1823304,1.6249669,0.082994727,4.4926692,12.84483,1.6249669,-152.22366,2699.5422,0.20564751,0.4085317
1,0.13531482,1.1946897,0.23673892,1.0183308,0.082328221,3.6313072,12.769224,1.0183308,-139.13607,2243.0468,0.27801085,0.3974739
1,0.097894867,1.3255306,0.21726331,1.184051,0.083721527,3.9048961,12.619447,1.184051,-130.90692,2136.2182,0.22910239,0.41706212
1,0.1345211,1.153512,0.3930272,0.9093174,0.07806702,1.951515,13.08937,0.9093174,-51.47418,808.2451,0.2738612,0.3952718
1,0.073682147,1.3765769,0.25912467,1.3500842,0.078799256,2.987262,13.101222,1.3500842,-76.666573,1278.3088,0.15134283,0.45589538
1,0.05786468,1.4486911,0.23511508,1.5790563,0.080803302,3.2057816,12.871275,1.5790563,-77.673348,1492.5266,0.14168518,0.47742643
1,0.073841304,1.3544927,0.28698317,1.1227373,0.079348583,2.7809918,12.965731,1.1227373,-60.906249,1034.9919,0.17160062,0.46415871
1,0.072476727,1.3699177,0.25610852,1.0619119,0.081296912,3.2706157,12.801937,1.0619119,-83.761985,1540.2739,0.17162154,0.45567171
1,0.077969789,1.3325778,0.28967103,0.9139933,0.081227178,2.9099698,12.718263,0.9139933,-64.241934,1198.1197,0.18147909,0.44811392
1,0.0935107,1.239209,0.4018937,0.7702597,0.07817947,2.011956,13.02285,0.7702597,-27.45129,534.7526,0.2170145,0.4346917
1,0.1418708,1.113941,0.4317315,0.6486748,0.07672002,1.926186,13.3145,0.6486748,-52.151,884.5738,0.2899973,0.3589064
1,0.073203808,1.3770962,0.23813889,1.3907555,0.080532467,3.31896,12.957472,1.3907555,-102.24194,1768.3445,0.16183052,0.46591787
1,0.07660288,1.326197,0.3119344,1.283196,0.07914948,2.318023,12.98646,1.283196,-52.62923,992.1672,0.1705178,0.4687047
1,0.097758541,1.2788385,0.26887862,1.1469053,0.080405682,3.0111072,12.916672,1.1469053,-99.334844,1648.1563,0.22414789,0.44459727
1,0.14428762,1.1559648,0.24444988,0.90561476,0.082282683,3.5725395,12.780788,0.90561476,-139.18594,2202.8601,0.28482495,0.40037588
1,0.13127482,1.1865062,0.29489935,1.058737,0.080973612,2.7342796,12.872142,1.058737,-100.98406,1727.5487,0.29052022,0.41945415
1,0.08092653,1.3451749,0.24228451,1.0822939,0.079148646,3.4866421,13.17454,1.0822939,-109.05698,1918.7146,0.18452126,0.4306764
1,0.077254955,1.3558329,0.2490432,1.0506298,0.081160431,3.3940694,12.873233,1.0506298,-97.109167,1719.19,0.17503481,0.44732565
1,0.093793447,1.2669291,0.31015446,0.86558519,0.07882928,2.709387,13.054943,0.86558519,-70.801216,1129.18,0.19520121,0.44328206
1,0.099194887,1.2570479,0.31444799,0.91448756,0.078800602,2.6268639,13.053436,0.91448756,-71.449551,1204.8456,0.22522394,0.43533458
1,0.083558555,1.3158659,0.28859289,1.3312544,0.079012166,2.5670665,13.091237,1.3312544,-75.406772,1401.1407,0.16667324,0.44024633
1,0.16692004,1.2886327,0.16493961,1.4346992,0.083466845,5.2319052,12.937219,1.4346992,-212.76751,3706.2247,0.38797004,0.30928049
1,0.088465632,1.4098019,0.18577183,1.4839777,0.081641156,4.4946823,12.957721,1.4839777,-150.65077,2524.2478,0.24025636,0.40178619
1,0.068671995,1.5084265,0.13555981,1.6179604,0.087352919,6.452072,12.482305,1.6179604,-218.8452,3682.8053,0.18779505,0.41948812
1,0.18778593,1.2873391,0.1366273,1.3161168,0.08617818,6.5880333,12.663945,1.3161168,-249.60901,4084.7439,0.41958667,0.29463485
1,0.080242747,1.4733518,0.16577435,1.5153948,0.084297319,5.1437721,12.593368,1.5153948,-141.29244,2289.0446,0.23834668,0.39084181
1,0.044249108,1.6279189,0.13686472,2.0402316,0.089311105,6.0803123,12.087429,2.0402316,-150.40048,2553.5419,0.11746187,0.43831519
1,0.057292022,1.5213629,0.17207264,1.7507439,0.084383448,4.7375322,12.552686,1.7507439,-132.72831,2234.9482,0.14464141,0.45533775
1,0.062593646,1.475863,0.18846816,1.4783917,0.083678326,4.41841,12.572669,1.4783917,-116.4455,1864.4379,0.14399726,0.45366735
1,0.054219758,1.5485828,0.13312747,1.8644664,0.088718523,6.4216265,12.457265,1.8644664,-230.92817,4138.6342,0.12646291,0.45296083
1,0.07147849,1.4366436,0.18568105,1.4962833,0.08390853,4.4874948,12.649842,1.4962833,-141.78558,2363.356,0.16695445,0.44027046
1,0.10886882,1.3784528,0.17096807,1.3669413,0.085288062,5.0585013,12.491515,1.3669413,-155.35445,2429.5832,0.28586112,0.36571347
1,0.058588102,1.4929092,0.1718574,1.7143417,0.084854946,4.7744536,12.653483,1.7143417,-156.4053,2743.7981,0.13009283,0.46814127
1,0.070108433,1.4252562,0.19166751,1.3175599,0.082512045,4.4441284,12.833291,1.3175599,-144.07397,2444.2698,0.16071235,0.45015224
1,0.091223266,1.3114575,0.26408496,0.92834269,0.079539812,3.2447721,13.077421,0.92834269,-95.468176,1643.1395,0.21422608,0.41297542
1,0.081304929,1.3345431,0.26095544,0.89779936,0.080369896,3.3126257,12.884221,0.89779936,-84.787452,1361.4203,0.18148754,0.43809674
1,0.081081931,1.3374012,0.27184182,0.91364564,0.081323839,3.1440343,12.672481,0.91364564,-68.625566,1033.1106,0.19229679,0.44394177
1,0.1208223,1.141046,0.486793,0.6477698,0.07616669,1.651411,13.30737,0.6477698,-26.2463,373.6101,0.2199431,0.4138272
1,0.064272737,1.4384731,0.21386051,1.5562217,0.081812158,3.690053,12.828335,1.5562217,-112.62966,2016.6615,0.15245571,0.46597067
1,0.085919052,1.3186287,0.27192204,0.90037289,0.08177282,3.1519948,12.720197,0.90037289,-84.662387,1433.4572,0.19862548,0.43860371
1,0.059626155,1.4523713,0.23580401,1.5636253,0.080350978,3.2058382,12.872228,1.5636253,-68.486191,1143.7329,0.13777153,0.46997787
1,0.072783098,1.3825779,0.26621819,1.4128415,0.079450408,2.8130784,12.963374,1.4128415,-67.032623,1136.4802,0.16810355,0.46106858
1,0.069704556,1.3932577,0.26734425,1.4326264,0.078910018,2.7752345,13.059295,1.4326264,-60.143818,1046.9575,0.16934987,0.46550902
1,0.077032343,1.4500466,0.17854556,1.4752842,0.083190237,4.7272966,12.731841,1.4752842,-139.313,2281.1513,0.20729413,0.40705405
1,0.082324259,1.3499143,0.27402832,1.2589485,0.079601094,2.8409321,12.955629,1.2589485,-70.256204,1219.8324,0.20697229,0.44693687
1,0.12900041,1.1541049,0.37380815,0.93327361,0.082661382,2.0731032,12.484848,0.93327361,-65.925971,1156.1214,0.26696555,0.41721368
1,0.13725486,1.16631,0.34579,0.96556428,0.082277716,2.2797416,12.601519,0.96556428,-76.86274,1395.9186,0.30680345,0.40492316
1,0.14158608,1.1381686,0.3819513,0.915325,0.080561789,2.0269267,12.772851,0.915325,-63.216403,1101.0232,0.31362496,0.40682619
1,0.10884749,1.2279148,0.33377575,1.0773201,0.079897612,2.2920287,12.877757,1.0773201,-64.017561,1084.6775,0.24339626,0.41888195
1,0.10427765,1.268573,0.26578665,1.2491752,0.081844136,2.9715567,12.781983,1.2491752,-106.79508,1925.4958,0.24714793,0.43429112
1,0.079475021,1.3720992,0.23637653,1.4553399,0.082248499,3.2971134,12.727959,1.4553399,-103.26036,1824.6913,0.19250969,0.4423669
1,0.10284608,1.2593457,0.33067448,1.180178,0.079476388,2.2206998,12.914175,1.180178,-57.523696,1024.1974,0.24668982,0.43508791
1,0.081884811,1.3133265,0.29658731,1.0953521,0.080661158,2.6836992,12.789261,1.0953521,-71.069618,1212.0829,0.18527757,0.46688897
1,0.056976589,1.4789423,0.19212499,1.44943,0.086680308,4.3344674,12.297666,1.44943,-128.90458,2349.386,0.12871017,0.47793567
1,0.054937477,1.4986873,0.16838649,1.4278663,0.089037768,5.1084573,12.118351,1.4278663,-162.27259,2800.9084,0.1262251,0.47823799
1,0.060650183,1.4440304,0.21405154,1.3824655,0.084385826,3.8280715,12.496127,1.3824655,-108.59371,2006.6266,0.11925669,0.44407553
1,0.06712782,1.4261511,0.2273655,1.4218363,0.083935629,3.5064155,12.486998,1.4218363,-94.264605,1667.5763,0.16348289,0.46719858
1,0.08223711,1.337247,0.26942241,1.1549081,0.082796701,2.9960746,12.539102,1.1549081,-83.228516,1440.4233,0.19178666,0.46337765
1,0.11363864,1.2177854,0.33563587,0.89560255,0.080508461,2.4304827,12.782512,0.89560255,-69.738322,1129.853,0.2647533,0.43479096
1,0.080579363,1.3580203,0.2448905,1.1867542,0.084050246,3.3628918,12.47187,1.1867542,-103.33359,1814.237,0.19560452,0.46534576
1,0.07008469,1.375754,0.2784588,1.211931,0.08142756,2.819,12.63814,1.211931,-59.83359,997.8356,0.1648479,0.4752417
1,0.075987862,1.3630432,0.26284704,1.1703436,0.081619993,3.0818764,12.71535,1.1703436,-83.263882,1447.8108,0.18699004,0.46474473
1,0.093199792,1.2968795,0.27073459,0.99614879,0.089284454,3.0998412,11.770097,0.99614879,-91.854512,1564.0184,0.21765853,0.42977627
1,0.085524976,1.3450883,0.23935194,1.1054264,0.08986967,3.5225821,11.710101,1.1054264,-98.068878,1569.8316,0.2038868,0.4376094
1,0.093769682,1.3029126,0.28592869,1.0621941,0.08845601,2.8444683,11.853142,1.0621941,-76.986589,1388.8849,0.22772527,0.433353
1,0.11063965,1.2870885,0.22661093,1.0354722,0.093811375,3.8139899,11.401834,1.0354722,-125.18411,2001.0642,0.26646137,0.40020531
1,0.1001173,1.2790635,0.30049489,0.99422507,0.090779048,2.7192083,11.484959,0.99422507,-68.580766,1097.6351,0.23182892,0.43750245
1,0.10350571,1.2586054,0.30178231,0.96317483,0.089661961,2.7287735,11.660265,0.96317483,-73.948125,1252.4423,0.2353754,0.41272281
1,0.087424134,1.3568002,0.23137234,1.2017364,0.093795912,3.600993,11.350225,1.2017364,-100.92961,1708.1892,0.19524148,0.43598409
1,0.11228552,1.2690622,0.25905623,0.97197086,0.089900966,3.2900941,11.757634,0.97197086,-104.73711,1838.4224,0.27429917,0.39376758
1,0.091023117,1.3582699,0.22657625,1.0685481,0.091944911,3.7919056,11.563743,1.0685481,-106.61742,1843.3843,0.23508017,0.40726075
1,0.083221074,1.3418512,0.23250301,1.0017115,0.089946108,3.7221683,11.755331,1.0017115,-86.524239,1655.3006,0.16817043,0.37176883
1,0.088654404,1.3173687,0.27681994,0.9727304,0.08909228,3.0331172,11.809263,0.9727304,-76.920413,1475.1965,0.20629965,0.41942294
1,0.079331531,1.4024747,0.2294891,1.2267397,0.089737358,3.6184717,11.781364,1.2267397,-81.905836,1664.1212,0.20628927,0.41529095
1,0.061262624,1.4718982,0.20444012,1.4062649,0.090697777,4.0398789,11.737786,1.4062649,-93.639617,1891.3488,0.14865118,0.43343321
1,0.10116261,1.2722328,0.25253583,1.0436871,0.083409426,3.341326,12.573291,1.0436871,-111.70788,1794.4406,0.2332591,0.42378379
1,0.09577356,1.292375,0.2973633,1.051056,0.08574394,2.711101,12.0536,1.051056,-64.36436,985.8466,0.1948681,0.4280306
1,0.1194396,1.171078,0.4234307,0.809774,0.08256702,1.842701,12.3934,0.809774,-39.1303,701.4378,0.2488445,0.3996712
1,0.1353707,1.154644,0.4234343,0.8762828,0.08382334,1.780368,12.18504,0.8762828,-36.12153,658.7009,0.3092833,0.3932265
1,0.1314585,1.163842,0.3933369,0.8621848,0.08395657,1.992547,12.25368,0.8621848,-49.73502,928.3462,0.2986066,0.3952531
1,0.14309009,1.1649235,0.36329392,0.83479604,0.085249842,2.2394918,12.118288,0.83479604,-59.204249,1072.7168,0.32517729,0.36306704
1,0.16094793,1.1114524,0.34865814,0.72978141,0.087637353,2.4391777,11.874926,0.72978141,-79.363558,1255.0715,0.34396637,0.34970068
1,0.08881946,1.265949,0.3843814,1.00451,0.0817151,1.921559,12.47892,1.00451,-28.15996,496.1505,0.1924874,0.4372428
1,0.14704186,1.1224707,0.38159132,0.79554001,0.089019733,2.1316707,11.734193,0.79554001,-68.1402,1196.5471,0.31846437,0.37202782
1,0.1325621,1.167327,0.357335,0.8353828,0.09044604,2.287145,11.46038,0.8353828,-61.96788,974.6932,0.2703516,0.3789758
1,0.1041953,1.233199,0.4294269,0.9804397,0.08583182,1.626817,11.8421,0.9804397,-14.76053,293.6059,0.2452185,0.4163494
1,0.0758515,1.348589,0.3158253,1.220874,0.08337935,2.340295,12.27888,1.220874,-35.0481,659.128,0.1753253,0.4465401
1,0.107822,1.184986,0.4237718,0.893634,0.0793364,1.760406,12.90147,0.893634,-39.83931,767.8146,0.2333294,0.4259039
1,0.1466984,1.082748,0.4607832,0.8082232,0.08361317,1.633549,12.19903,0.8082232,-41.58296,612.5509,0.2764655,0.4195494
1,0.1030534,1.225716,0.365371,1.059411,0.08428555,2.019154,12.16439,1.059411,-47.95773,775.8352,0.2119057,0.4508342
1,0.1021666,1.237557,0.3666358,1.136454,0.08676653,1.920134,11.84554,1.136454,-41.24589,714.5635,0.2320614,0.4526768
1,0.1171693,1.2245031,0.29352227,0.93452619,0.087215124,2.8479187,11.970564,0.93452619,-88.949263,1414.2528,0.23651392,0.40392507
1,0.1298955,1.173841,0.3654628,0.890972,0.0870926,2.175651,11.85371,0.890972,-59.43518,939.759,0.29285,0.418337
1,0.090336815,1.3175022,0.28848039,1.117701,0.090244704,2.7661309,11.555739,1.117701,-66.129371,1068.3195,0.21443455,0.44265045
1,0.10231832,1.326418,0.23733132,1.1021203,0.094992505,3.5613308,11.094968,1.1021203,-90.299467,1283.9891,0.2482313,0.4051968
1,0.1501146,1.078148,0.482327,0.7630428,0.08473854,1.568756,12.05335,0.7630428,-40.4929,627.0831,0.3085015,0.4116916
1,0.1615468,1.050176,0.5068827,0.6892835,0.08891055,1.528008,11.51423,0.6892835,-38.96661,591.2798,0.3230706,0.3886459
1,0.07699731,1.370127,0.2708333,1.171728,0.0915442,2.961593,11.34857,1.171728,-59.46635,898.8892,0.1810916,0.4474818
1,0.096665608,1.2793248,0.29019912,0.80046561,0.094741551,2.9836375,11.119967,0.80046561,-75.483511,1236.4234,0.19154146,0.41421754
1,0.09956938,1.228984,0.3577936,0.678289,0.09034731,2.399966,11.44963,0.678289,-40.57587,765.0534,0.1809656,0.3627682
1,0.07670099,1.363505,0.2802425,1.141122,0.0870246,2.855317,11.90414,1.141122,-58.50576,966.0101,0.1767883,0.4554108
1,0.13251835,1.1599196,0.36932659,0.87320168,0.088078675,2.1603054,11.800049,0.87320168,-66.259989,1194.1875,0.29636629,0.41131616
1,0.081109922,1.3437237,0.2675613,0.976257,0.089843151,3.159775,11.714334,0.976257,-78.698178,1502.3724,0.19545504,0.44208852
1,0.073542074,1.3626578,0.26990066,0.96537475,0.087995574,3.1344155,11.859562,0.96537475,-69.255248,1261.6697,0.16543343,0.44184091
2,0.043766158,1.6838072,0.085614535,1.8857465,0.11607334,10.645732,10.397121,1.8857465,-206.33259,4607.0069,0.16363538,0.41013307
2,0.114495,1.4641205,0.091351642,1.362732,0.10503436,10.216694,11.142938,1.362732,-253.9073,4841.9793,0.32002463,0.33676285
2,0.095985114,1.538231,0.088134569,1.5920447,0.10785539,10.48491,11.047335,1.5920447,-258.51529,5183.296,0.29106932,0.35122559
2,0.027595713,1.7596944,0.090695897,2.0896762,0.11992589,9.8570686,9.9295283,2.0896762,-152.95966,3697.1301,0.085337175,0.4382416
2,0.026636265,1.7871129,0.083581345,2.2179315,0.12150368,10.727744,9.9215511,2.2179315,-154.03436,4003.9536,0.098724289,0.43502771
2,0.033317513,1.700826,0.09933152,1.9600964,0.10956611,8.9672914,10.711917,1.9600964,-223.58323,4192.1971,0.080922617,0.45016027
2,0.056196198,1.5944374,0.097627301,1.5839529,0.1061826,9.3777409,10.974131,1.5839529,-238.19823,4402.6821,0.1817327,0.39287817
2,0.1234409,1.286421,0.12870948,0.91573298,0.09669971,7.2809395,11.759564,0.91573298,-260.65844,4563.9821,0.29349726,0.30145019
2,0.10169013,1.5235267,0.08713197,1.7101838,0.10769638,10.546606,11.013723,1.7101838,-254.3946,5049.1846,0.30021243,0.34170714
2,0.059973825,1.6537879,0.085643048,1.9131147,0.10921628,10.62544,10.835999,1.9131147,-229.12956,4706.7578,0.21640508,0.37990443
2,0.056289594,1.6049549,0.10584651,1.6145357,0.10099933,8.556303,11.300342,1.6145357,-222.10252,4146.5442,0.19157267,0.40138881
2,0.042350508,1.6316373,0.11644409,1.6982307,0.098417963,7.6324536,11.362115,1.6982307,-195.20655,3437.8177,0.11622867,0.43752673
2,0.060812753,1.5071045,0.14356467,1.3611212,0.093027729,6.2009798,11.774462,1.3611212,-194.11082,3191.7145,0.16383347,0.45711453
2,0.038457106,1.7085079,0.092763397,2.1870547,0.10965518,9.5447934,10.907372,2.1870547,-244.8855,4808.7967,0.13596582,0.42304768
2,0.048596857,1.6013149,0.10731426,1.7208349,0.10367,8.3592493,11.271166,1.7208349,-261.2051,4782.7196,0.14792186,0.42227568
2,0.053793154,1.5352324,0.13419838,1.4184165,0.096947452,6.6578063,11.506035,1.4184165,-206.3211,3472.0941,0.12160012,0.44965727
2,0.075069684,1.5479752,0.11171287,1.8095508,0.097724795,7.9304132,11.66381,1.8095508,-245.2116,4409.8562,0.23709254,0.37491339
2,0.05426191,1.6538125,0.0863739,1.9653317,0.11118346,10.493714,10.846391,1.9653317,-266.32489,5247.0326,0.19471691,0.3929978
2,0.043381443,1.6461842,0.10574427,1.8216224,0.10241268,8.4362061,11.187788,1.8216224,-221.13647,4017.2345,0.13561225,0.42267003
2,0.031820443,1.7251823,0.096524817,2.081606,0.11025216,9.1862063,10.772258,2.081606,-239.49583,4512.9279,0.084188368,0.45782569
2,0.067030084,1.4244797,0.20053475,1.2771696,0.087378304,4.2348397,12.147727,1.2771696,-125.91177,2149.8348,0.12636358,0.43022358
2,0.05322434,1.5428777,0.12485622,1.209767,0.10202086,7.3503805,11.180344,1.209767,-223.97903,3883.9355,0.12893364,0.45968965
2,0.14615444,1.3036439,0.12284655,0.83154319,0.09663356,7.7008756,11.796836,0.83154319,-252.0681,4484.3964,0.3558327,0.30589683
2,0.05405229,1.55503,0.13035492,1.3181325,0.099129493,6.9432266,11.319112,1.3181325,-191.91502,3327.366,0.13294275,0.44657056
2,0.068646921,1.51477,0.12883452,1.4016974,0.094965218,6.9829243,11.753335,1.4016974,-207.41656,3660.929,0.20053702,0.38915018
2,0.047735948,1.5730735,0.12278488,1.3091746,0.10291804,7.4265044,10.95521,1.3091746,-187.41614,3214.262,0.1236782,0.44051429
2,0.17326644,1.3569181,0.10945281,1.5324071,0.096267331,8.2922898,11.857154,1.5324071,-260.92635,4656.9021,0.40555853,0.28933334
2,0.070897312,1.6120983,0.09825745,1.9637287,0.10227531,9.076648,11.315296,1.9637287,-230.94153,4454.2199,0.24022798,0.3693414
2,0.047471611,1.6142637,0.10154958,1.5440662,0.10697142,9.0032213,10.901197,1.5440662,-225.08466,4298.3859,0.15188674,0.40571024
2,0.21775897,1.2400434,0.10751877,1.0627859,0.095888005,8.7350907,11.750827,1.0627859,-245.40361,4188.1854,0.45769965,0.26155364
2,0.058049941,1.6273791,0.085867498,1.6863168,0.11558196,10.730854,10.288484,1.6863168,-171.5483,4193.6823,0.20367593,0.37702448
2,0.037704843,1.7423542,0.078379588,2.308949,0.12137,11.474797,10.327675,2.308949,-250.38407,5478.7891,0.14351183,0.40791898
2,0.05217905,1.6246817,0.077657719,1.4684402,0.12528245,12.095364,9.93667,1.4684402,-191.08733,5041.7744,0.18328774,0.37479824
2,0.036843152,1.6950545,0.088286553,1.8752875,0.1173461,10.295161,10.235805,1.8752875,-201.53922,4320.1839,0.11958245,0.42257145
2,0.066485221,1.5854924,0.091813898,1.8497649,0.10925896,9.8709313,10.992948,1.8497649,-274.41934,5289.4941,0.21670415,0.3796241
2,0.026540252,1.7571848,0.075308999,1.8641646,0.14879184,12.269772,8.5861726,1.8641646,-40.254518,4168.1341,0.087307931,0.42470333
2,0.05561754,1.6205458,0.080677508,1.6559519,0.11858662,11.502723,10.335224,1.6559519,-232.24087,5051.3104,0.19224703,0.38254679
2,0.058734585,1.5572075,0.1171586,1.788987,0.1040087,7.5201674,11.153861,1.788987,-246.42242,4215.6131,0.15023347,0.42187028
2,0.064923872,1.5148584,0.12314595,1.4742632,0.10364766,7.3007825,10.979693,1.4742632,-217.24553,3503.1998,0.16065878,0.41861383
2,0.066054056,1.4703788,0.14066051,1.2399969,0.092713758,6.4232036,11.782842,1.2399969,-191.791,3058.3058,0.14855781,0.40851378
2,0.043959108,1.6484791,0.094787345,1.4327328,0.10981026,9.7769017,10.769857,1.4327328,-222.03569,4551.6383,0.15284832,0.42545267
2,0.11612704,1.4071867,0.10687185,0.98989133,0.10047326,8.8326717,11.424138,0.98989133,-243.96843,4481.6468,0.31638952,0.34122087
2,0.059416111,1.5743104,0.10941454,1.3074633,0.10092223,8.43087,11.265016,1.3074633,-201.83918,3846.9265,0.19639155,0.39549082
2,0.069258885,1.5172447,0.118158,1.6069856,0.098243761,7.5643455,11.613626,1.6069856,-246.49087,4388.132,0.20932987,0.3855183
2,0.046895075,1.6218692,0.098917043,1.6129024,0.10955244,9.2256539,10.68212,1.6129024,-210.35078,4040.7005,0.14445517,0.41014473
2,0.085383168,1.4711164,0.10645756,0.97873404,0.10259509,8.8752122,11.210256,0.97873404,-222.8873,4227.3462,0.25629599,0.37077124
2,0.038392832,1.6145178,0.10889255,1.1109417,0.10996106,8.5893581,10.340277,1.1109417,-131.20245,3010.1184,0.10302954,0.4416878
2,0.038629789,1.6302785,0.10284624,1.1110482,0.11220053,9.1316492,10.208065,1.1110482,-107.05271,3080.8203,0.12429076,0.42033429
2,0.052538718,1.6156868,0.096452247,1.2559146,0.10669926,9.6964012,10.808434,1.2559146,-173.99887,3912.8517,0.18780751,0.40283699
2,0.074582162,1.5641238,0.095224939,1.822473,0.10446999,9.4939178,11.243436,1.822473,-271.60473,4991.9517,0.2395422,0.36720149
2,0.050342969,1.5637934,0.12131282,1.3933245,0.10121856,7.475163,11.083596,1.3933245,-188.71954,3218.0769,0.11601756,0.41789181
2,0.07088867,1.4701103,0.12440577,0.89979632,0.10020374,7.559735,11.140567,0.89979632,-162.34041,3119.7932,0.21160132,0.3941594
2,0.060818063,1.5612401,0.10251238,1.0386264,0.10534312,9.2046358,10.766122,1.0386264,-134.62368,3305.7991,0.2063224,0.39233406
2,0.037876628,1.6435953,0.09493101,1.1233696,0.11504924,9.9386164,10.198781,1.1233696,-143.472,3844.6104,0.12346132,0.42428574
2,0.050113194,1.524628,0.13490284,0.9637379,0.1031916,6.8946969,10.798526,0.9637379,-153.80939,2739.2303,0.12468077,0.43854692
2,0.078249429,1.4472679,0.12814045,0.87968475,0.098183401,7.3360864,11.320688,0.87968475,-169.83669,3180.2506,0.23172851,0.38455209
2,0.04966925,1.5317734,0.13020551,0.95357421,0.10343046,7.1693308,10.899532,0.95357421,-172.44518,3208.1829,0.10797922,0.4292095
2,0.18484048,1.2003458,0.1543731,0.66404256,0.089175964,6.1269119,12.158469,0.66404256,-185.3672,3023.1709,0.40930535,0.28815406
2,0.17657256,1.3184101,0.13696649,1.3608971,0.089329324,6.5414741,12.227491,1.3608971,-197.97669,3363.5717,0.40790237,0.29386919
2,0.11539167,1.3957832,0.10913554,1.1332152,0.099703977,8.5561739,11.272937,1.1332152,-198.64415,3589.2297,0.31173793,0.32633328
2,0.060921222,1.4917392,0.1265671,1.2541815,0.10126198,7.2139274,11.060236,1.2541815,-190.65663,3152.0776,0.14396168,0.38954962
2,0.028558362,1.7308182,0.11221788,2.0152603,0.10489423,7.7529616,10.704888,2.0152603,-147.41361,2861.7772,0.067934508,0.46485878
2,0.035552521,1.7284095,0.090441491,1.9800588,0.11180481,9.9576176,10.503319,1.9800588,-178.68241,3961.4729,0.13502242,0.41349849
2,0.029494875,1.7226896,0.10331942,1.8519035,0.11118821,8.6415591,10.33536,1.8519035,-149.16104,3170.8145,0.074749976,0.44647856
2,0.082266296,1.5715484,0.09155225,1.6972546,0.10662067,9.9950905,10.970246,1.6972546,-221.1677,4510.2038,0.26407276,0.36256166
2,0.039992735,1.6263571,0.12079187,1.569484,0.10125566,7.4006806,10.995272,1.569484,-157.26609,2949.3702,0.11711363,0.44280534
2,0.18527943,1.3258568,0.10028199,1.1852985,0.098257729,9.3391563,11.613728,1.1852985,-249.13972,4468.3673,0.42123624,0.29014671
2,0.041047898,1.6672898,0.10349119,1.7577774,0.10451169,8.684804,10.894298,1.7577774,-178.76204,3545.0707,0.14703235,0.42513558
2,0.064750318,1.5252364,0.12454875,1.291364,0.097033007,7.321161,11.480285,1.291364,-190.4529,3346.3709,0.19530307,0.38889028
2,0.15618881,1.3499018,0.11365328,1.1358416,0.095653956,8.1886486,11.6315,1.1358416,-203.956,3494.6234,0.3815879,0.3057946
2,0.046600256,1.6324707,0.11059503,1.600802,0.10224323,8.1545904,11.08283,1.600802,-180.70921,3558.1442,0.15983891,0.41255761
2,0.056536381,1.6204331,0.095260273,1.7468728,0.10896128,9.5361433,10.975203,1.7468728,-252.68461,4993.1585,0.1931434,0.39945849
2,0.040821713,1.6308478,0.10952516,1.7412006,0.10802209,8.1556034,10.635311,1.7412006,-193.47094,3435.799,0.10025031,0.43949715
2,0.047150292,1.5984636,0.11807758,1.647741,0.10856038,7.5441689,10.591971,1.647741,-196.92563,3298.3307,0.13181263,0.44267506
2,0.090128274,1.448568,0.11913468,1.4315369,0.097151628,7.6036573,11.530894,1.4315369,-216.9799,3732.3068,0.25841325,0.36493484
2,0.045145422,1.6012077,0.11269574,1.701025,0.10396862,7.9204467,10.994324,1.701025,-213.85281,3663.4344,0.097424428,0.43209554
2,0.12830868,1.3748478,0.16543121,1.3488684,0.08588923,5.2716133,12.452051,1.3488684,-151.97307,2507.5068,0.33376029,0.33005684
2,0.07687681,1.4504743,0.13176756,1.3944426,0.096267534,6.8123994,11.618743,1.3944426,-211.67398,3603.9863,0.19851333,0.36484532
2,0.15575147,1.335901,0.10764725,1.0366122,0.097356504,8.7387017,11.580178,1.0366122,-226.20217,3892.6259,0.37744033,0.28268138
2,0.079204145,1.3812319,0.19212017,1.201135,0.088414561,4.5122838,12.015623,1.201135,-131.40332,2082.6655,0.15765134,0.39036948
2,0.05842053,1.5020334,0.14696848,1.1581084,0.097854313,6.1652221,11.180605,1.1581084,-151.61658,2428.5962,0.14018499,0.43134385
2,0.066405385,1.4287147,0.15418704,0.79603931,0.09549813,6.0596342,11.423132,0.79603931,-148.78173,2567.0242,0.15321011,0.39901181
2,0.048198378,1.6024944,0.10855523,1.8515925,0.1060113,8.1678422,10.886851,1.8515925,-222.72015,3747.638,0.12240858,0.42363944
2,0.072835064,1.4344568,0.17229263,1.3507299,0.088445502,5.0237631,12.079618,1.3507299,-143.68791,2319.8101,0.1889744,0.3998281
2,0.060550717,1.5147875,0.13705037,1.5141902,0.095213838,6.4384378,11.64808,1.5141902,-199.05284,3336.7363,0.14279982,0.41262051
2,0.039321544,1.6956776,0.093785927,1.9026001,0.11218399,9.6067311,10.418697,1.9026001,-164.40283,3702.456,0.1468103,0.4120377
2,0.033991914,1.6805464,0.10868769,1.5668064,0.10669375,8.3357854,10.635493,1.5668064,-147.50487,3089.0709,0.10395984,0.44151274
2,0.068511396,1.5760595,0.096435249,1.7940677,0.1057159,9.3777489,11.128993,1.7940677,-252.68552,4728.0776,0.22392369,0.37641022
2,0.036764756,1.6838119,0.096866176,1.8678976,0.11281216,9.2849166,10.456953,1.8678976,-199.86625,3963.7357,0.10848559,0.42252274
2,0.11865232,1.4289037,0.11470938,1.2119919,0.096265733,8.0621128,11.711186,1.2119919,-228.96659,4141.2233,0.32384765,0.34437825
2,0.15955714,1.3667939,0.08656983,1.0229359,0.10619336,11.014997,11.428375,1.0229359,-344.40163,6486.6763,0.38736287,0.31379605
2,0.068079804,1.5312755,0.10654722,1.0286934,0.10174155,8.8394568,10.991752,1.0286934,-146.12265,3027.941,0.22535692,0.38259714
2,0.072706399,1.5844035,0.097377551,2.0074362,0.1015725,9.1418813,11.457208,2.0074362,-269.44675,4889.9506,0.23567264,0.36729081
2,0.058583001,1.5959447,0.10580669,1.8093624,0.10118795,8.4378188,11.214266,1.8093624,-208.35628,3766.9034,0.19504225,0.39034514
2,0.067710819,1.6193108,0.077967241,1.586628,0.11797286,11.976355,10.290383,1.586628,-189.94099,4874.5358,0.23497062,0.37254251
2,0.12081828,1.4227931,0.10316826,1.057467,0.099443817,9.1313977,11.544041,1.057467,-260.40187,4768.9255,0.32922006,0.34690425
2,0.035211124,1.6547896,0.094631076,1.1967973,0.11120528,9.930717,10.341285,1.1967973,-132.26959,3332.918,0.11959997,0.43124487
2,0.064539188,1.6170066,0.095766214,2.1576837,0.10293644,9.22009,11.452676,2.1576837,-283.44771,5291.8981,0.21728555,0.37919613
2,0.080751799,1.587002,0.082942326,1.7726208,0.11010878,11.093598,10.745104,1.7726208,-219.06036,4592.7327,0.26239068,0.35503797
2,0.038384117,1.6058764,0.11545874,1.1205533,0.10477844,8.0590177,10.710767,1.1205533,-151.49887,2903.5233,0.086294244,0.44631514
2,0.057666568,1.5779182,0.10785261,1.3337309,0.10250282,8.5488489,11.094673,1.3337309,-192.75247,3681.8858,0.19065723,0.3940887
2,0.045026074,1.5721267,0.15751304,1.5905853,0.091801935,5.4164677,11.763908,1.5905853,-141.54442,2535.6056,0.095778141,0.45898311
2,0.030714685,1.7297343,0.095530348,1.9345861,0.11314082,9.3896761,10.38474,1.9345861,-180.66779,3760.7305,0.092189648,0.43424191
2,0.034198652,1.7047637,0.10089739,1.8019461,0.10559336,8.9087479,10.765473,1.8019461,-157.89979,3259.2572,0.12017613,0.43136321
2,0.027922831,1.7353099,0.099079825,1.8258689,0.10992437,9.0777731,10.491435,1.8258689,-170.65191,3474.7573,0.067946688,0.45818871
2,0.054817117,1.6071572,0.10838197,1.8940746,0.099878685,8.15531,11.321402,1.8940746,-212.90247,3793.5814,0.18308166,0.40188445
2,0.074573957,1.3991586,0.20704482,1.3400076,0.08825109,4.0258118,12.028605,1.3400076,-126.1834,2039.6129,0.16177966,0.46040271
2,0.030606175,1.7117248,0.10867104,1.9578519,0.10647942,8.0883721,10.641319,1.9578519,-153.95746,2978.8714,0.069878367,0.45191732
2,0.0314192,1.7196836,0.099458361,2.0385786,0.110877,8.9037403,10.494922,2.0385786,-193.26997,3637.228,0.09140634,0.44907475
2,0.036952578,1.6658188,0.10686036,1.63493,0.10494525,8.452866,10.952823,1.63493,-211.54235,3868.3518,0.090206877,0.45237873
2,0.048686891,1.5746831,0.14299299,1.6001457,0.093023079,6.0717873,11.757305,1.6001457,-165.92429,2947.7843,0.12512,0.43467847
2,0.03072053,1.767918,0.088615092,2.3780871,0.11109127,9.9339965,10.61803,2.3780871,-199.36799,4160.0842,0.1171898,0.431261
2,0.027713154,1.7591898,0.089178239,2.1036455,0.11427237,10.038848,10.445382,2.1036455,-215.03038,4316.6385,0.070117218,0.4491558
2,0.042263495,1.6407459,0.10668356,2.0169273,0.10272484,8.2242702,11.149506,2.0169273,-226.38865,3980.9813,0.11450287,0.43219034
2,0.056635702,1.5883934,0.10769438,1.7331464,0.10060041,8.3182153,11.216468,1.7331464,-204.0177,3585.5964,0.18275304,0.39014922
2,0.029838647,1.75092,0.093715268,2.3810885,0.113513,9.3057254,10.501588,2.3810885,-214.71623,4180.8248,0.078048422,0.44059288
2,0.039534841,1.6761456,0.099982328,1.8600438,0.10801627,8.9639643,10.68292,1.8600438,-185.30099,3698.055,0.13369176,0.42329872
2,0.052723584,1.5290691,0.15107862,1.4721818,0.096491133,5.7751888,11.246701,1.4721818,-146.76135,2252.1671,0.12489037,0.45604171
2,0.19143885,1.2556133,0.13396513,1.3011226,0.090920703,6.744744,12.211628,1.3011226,-242.80476,4169.1164,0.42302289,0.28682531
2,0.1160069,1.5190041,0.090704182,1.7868664,0.10438109,10.044293,11.131693,1.7868664,-206.59236,4245.2403,0.32749632,0.32709224
2,0.039656513,1.6206444,0.14638696,1.8242516,0.094070939,5.746862,11.44073,1.8242516,-118.08413,1970.442,0.084955501,0.45496525
2,0.03204712,1.7022097,0.12145847,2.0850685,0.099250381,7.0084067,11.108052,2.0850685,-137.17138,2528.0104,0.082555372,0.45230142
2,0.036698489,1.6577508,0.13523087,1.9173621,0.094532762,6.2629364,11.421468,1.9173621,-115.76963,2083.6303,0.1113947,0.44248427
2,0.034637366,1.711147,0.1065486,2.2227465,0.099957218,8.0973351,11.270289,2.2227465,-185.63109,3461.3847,0.1155756,0.43901206
2,0.074073755,1.5960207,0.10988286,2.0406544,0.096443944,7.9295774,11.585665,2.0406544,-191.57367,3451.281,0.24506347,0.36880955
2,0.061294487,1.478445,0.18352766,1.3268011,0.088305784,4.675728,11.962909,1.3268011,-107.51608,1666.7516,0.15140323,0.42308671
2,0.050375349,1.5387201,0.17407988,1.5692871,0.088231568,4.8064213,11.942301,1.5692871,-96.456996,1484.9763,0.12770818,0.44440941
2,0.0457012,1.5983276,0.13212775,1.7236514,0.097731949,6.5766065,11.336261,1.7236514,-164.66494,2824.366,0.1083883,0.42981161
2,0.079384878,1.3797858,0.21363132,1.1130572,0.087117861,4.0352409,12.066696,1.1130572,-99.139267,1486.5248,0.1895179,0.39843754
2,0.059992066,1.4753881,0.17562768,1.2937279,0.093909165,4.9495592,11.429905,1.2937279,-118.29692,1860.8429,0.14610181,0.43154505
2,0.043822941,1.5921573,0.15468921,1.6409659,0.093041683,5.5002745,11.458574,1.6409659,-87.550462,1558.5589,0.12579678,0.42959215
2,0.060423553,1.5830848,0.14059721,1.8585713,0.091600311,6.0132551,11.628243,1.8585713,-87.181897,1532.2718,0.20818489,0.39138513
2,0.031341291,1.7077613,0.13166245,2.220158,0.094638261,6.2450435,11.358728,2.220158,-88.639299,1810.5815,0.098713881,0.44210102
2,0.039593402,1.6299848,0.15594326,2.0745096,0.088356096,5.1111446,11.947154,2.0745096,-86.135215,1492.496,0.11266721,0.4374534
2,0.073982313,1.4107475,0.22805851,1.4512248,0.087141471,3.4670317,11.971005,1.4512248,-79.389373,1208.2842,0.15787265,0.44317076
2,0.063167215,1.4907724,0.17821671,1.591463,0.092245099,4.6510558,11.595061,1.591463,-121.74522,1925.9247,0.15719723,0.45676043
2,0.042804689,1.6099311,0.14799867,1.8490993,0.089936869,5.6515183,11.870788,1.8490993,-115.24929,1918.1422,0.12682029,0.44413147
2,0.047934182,1.5422604,0.19095053,1.6346783,0.084539596,4.2235586,12.304929,1.6346783,-69.70012,1057.5958,0.11562533,0.45011036
2,0.13436691,1.3904728,0.12984427,1.3153873,0.091208324,6.9752104,11.879928,1.3153873,-162.78868,2546.7955,0.34920914,0.31990035
2,0.069121352,1.5809386,0.10990275,1.666749,0.099568846,8.1708009,11.23276,1.666749,-165.46654,3126.014,0.23153488,0.37736099
2,0.059128517,1.5944318,0.11329248,1.5883198,0.10134989,7.9444014,11.024956,1.5883198,-139.93772,2827.5401,0.20222009,0.38717977
2,0.19356233,1.3537467,0.091717012,1.567985,0.09919407,10.052844,11.556761,1.567985,-252.25446,4456.2477,0.4332671,0.27566395
2,0.040729903,1.6257942,0.13555751,1.59691,0.094128172,6.4658932,11.459961,1.59691,-114.05045,2025.8457,0.11226493,0.43359927
2,0.040436394,1.7130281,0.099304133,1.9953193,0.10578405,8.9471583,10.724237,1.9953193,-127.40759,3099.9531,0.15799979,0.40759972
2,0.19690222,1.3118415,0.10105295,1.2376545,0.096597966,9.2326709,11.640201,1.2376545,-220.69856,3790.627,0.43610694,0.27962528
2,0.040344503,1.6696294,0.11376648,1.7444722,0.10433398,7.8079348,10.695871,1.7444722,-105.34105,2516.1173,0.14644021,0.41753008
2,0.091477573,1.4822003,0.11951105,1.3463758,0.095685277,7.6293432,11.526027,1.3463758,-172.41186,2956.6082,0.27314856,0.35677562
2,0.15688866,1.2850278,0.17501811,1.1946729,0.085290521,5.0359396,12.466113,1.1946729,-148.74237,2272.2301,0.36843505,0.29483753
2,0.13018946,1.4358539,0.10334812,1.6072969,0.098404698,8.7915475,11.644028,1.6072969,-246.42104,4324.0125,0.34340227,0.328196
2,0.041502615,1.5994937,0.14925397,1.5995965,0.09440457,5.771486,11.385063,1.5995965,-112.00053,1894.3498,0.093016598,0.44405728
2,0.038905002,1.6320415,0.13888815,1.8061884,0.098435253,6.141297,11.116875,1.8061884,-131.83642,2260.3697,0.10013905,0.45840391
2,0.068175478,1.5416261,0.12934299,1.6518985,0.09429546,6.7911709,11.713489,1.6518985,-179.49257,3238.0424,0.21677366,0.38473224
2,0.054444314,1.5438309,0.15020707,1.4435376,0.094248958,5.8341415,11.500801,1.4435376,-139.49655,2208.3028,0.15219143,0.45866126
2,0.044266446,1.6417154,0.12455579,1.9350289,0.095363803,6.9035737,11.48067,1.9350289,-146.74201,2590.5999,0.1492886,0.42539305
2,0.046868208,1.6554607,0.11581905,1.9915859,0.096614126,7.4859117,11.418904,1.9915859,-154.1878,2831.1289,0.16616774,0.40465614
2,0.040673223,1.6173726,0.1446213,1.7450658,0.096494863,5.8903115,11.300104,1.7450658,-128.63576,2223.4895,0.099627998,0.45783342
2,0.035259852,1.6611568,0.1369274,1.907416,0.097802731,6.1753415,11.136973,1.907416,-115.17424,2061.741,0.079879478,0.46105005
2,0.039943741,1.6090661,0.15561173,1.7119669,0.095079616,5.4095972,11.289462,1.7119669,-99.085472,1708.8645,0.088761894,0.45608258
2,0.037565559,1.6292354,0.14414954,1.7734671,0.095824694,5.8933794,11.276351,1.7734671,-114.91911,2008.0549,0.076112718,0.45524291
2,0.092188796,1.4689037,0.13124602,1.6674442,0.091821413,6.666765,11.970985,1.6674442,-200.20733,3340.7984,0.26819477,0.36712147
2,0.052467792,1.6015114,0.12531948,1.8528656,0.095526204,6.9098505,11.532436,1.8528656,-168.02682,2960.8523,0.17124944,0.40873167
2,0.040051008,1.6178474,0.14620295,1.7687454,0.095643136,5.7960863,11.339467,1.7687454,-124.90181,2152.1189,0.09132434,0.45455529
2,0.08532285,1.3606458,0.22629147,1.2658004,0.086644325,3.6538149,12.192853,1.2658004,-113.20913,1839.5313,0.20926212,0.4493318
2,0.05883034,1.5052512,0.16996581,1.4599703,0.089335719,5.0298878,11.908538,1.4599703,-116.65819,1870.3897,0.15632662,0.41758436
2,0.15910861,1.2965059,0.18457494,1.2930371,0.084496227,4.6674772,12.555452,1.2930371,-133.1317,2122.9505,0.37764302,0.3072478
2,0.047331347,1.5585558,0.15641447,1.4927681,0.092285938,5.5305277,11.600876,1.4927681,-115.11568,1870.0077,0.10949965,0.44232375
2,0.044086028,1.578576,0.15816352,1.5753819,0.093033364,5.4004697,11.507862,1.5753819,-109.46762,1856.4034,0.095228908,0.44745505
2,0.045620609,1.6019104,0.14186133,1.7562365,0.094868409,6.0211582,11.395536,1.7562365,-115.18687,2082.6292,0.13965505,0.42209035
2,0.049913894,1.554571,0.14768081,1.5970202,0.095351083,5.8465959,11.393803,1.5970202,-148.38191,2365.7346,0.11362865,0.45007315
2,0.080036964,1.4857161,0.13153552,1.6044745,0.092585463,6.6909548,11.861677,1.6044745,-197.20333,3264.4342,0.23990334,0.38229271
2,0.038973942,1.6324109,0.13384235,1.7610882,0.09822999,6.4518223,11.175917,1.7610882,-138.03082,2437.7803,0.088589034,0.44601696
2,0.052995441,1.6118214,0.11370384,1.7545763,0.099549254,7.8063843,11.211113,1.7545763,-165.49073,3000.1964,0.17961305,0.40058274
2,0.0405696,1.6313536,0.13870079,1.8754774,0.09337428,6.1021105,11.657253,1.8754774,-140.37791,2516.025,0.11295519,0.44364046
2,0.034581997,1.6679535,0.14030239,2.0325713,0.09361973,5.9000892,11.509948,2.0325713,-113.62279,2047.2258,0.074155568,0.45678687
2,0.028840073,1.7207135,0.12633683,2.162468,0.097425504,6.6231469,11.179883,2.162468,-112.53442,2156.574,0.06245077,0.46169118
2,0.10175044,1.400112,0.14623818,1.2940733,0.090347304,6.1148246,12.10865,1.2940733,-195.54996,3242.7557,0.26966503,0.35087147
2,0.11672228,1.4071017,0.14811945,1.3806484,0.088697485,5.9706704,12.160775,1.3806484,-165.41906,2704.8887,0.31660293,0.34177366
2,0.096361406,1.4447475,0.14262045,1.4906385,0.090437912,6.1635541,12.08057,1.4906385,-189.85578,3223.1273,0.27432772,0.36221004
2,0.04503648,1.6182165,0.12633451,1.8918434,0.093987226,6.8174794,11.769521,1.8918434,-190.76727,3372.3273,0.13585484,0.42943046
2,0.033950397,1.6565057,0.14137658,1.6441983,0.096945789,6.1236537,11.179232,1.6441983,-102.81446,2052.177,0.074556195,0.46870308
2,0.034316934,1.6471642,0.148854,1.6896193,0.09344257,5.7270697,11.432454,1.6896193,-88.813517,1701.3634,0.080685148,0.46435599
2,0.035901502,1.6457459,0.14473531,1.784022,0.09455097,5.8568669,11.440783,1.784022,-115.5713,2100.2909,0.080246435,0.46679873
2,0.02989782,1.7161543,0.12204346,2.0259975,0.10337983,7.0100183,10.776793,2.0259975,-135.11989,2626.8539,0.069995945,0.46677883
2,0.055894195,1.5069728,0.17029772,1.2676677,0.090685463,5.1492591,11.751257,1.2676677,-108.81692,1823.9893,0.15352276,0.4217673
2,0.041747793,1.5774523,0.16284586,1.4254428,0.094764717,5.3177805,11.354618,1.4254428,-108.26466,1918.462,0.099540712,0.47454994
2,0.042660437,1.5837023,0.14692726,1.3967523,0.09657845,6.0160725,11.246688,1.3967523,-122.79757,2200.9494,0.097773873,0.44483332
2,0.032172753,1.6844435,0.12941649,1.9323708,0.09838861,6.5948922,11.156699,1.9323708,-131.87213,2471.0968,0.070499177,0.4659891
2,0.20313981,1.2127734,0.15428894,0.93709493,0.088320606,5.9729408,12.19803,0.93709493,-168.10463,2702.7438,0.43705405,0.28171208
2,0.11856415,1.4174871,0.12766997,1.3384168,0.093889766,7.0938473,11.765784,1.3384168,-184.96612,3196.278,0.32134735,0.33375386
2,0.091439229,1.5010917,0.1209561,1.5760783,0.095762029,7.38548,11.63288,1.5760783,-189.30318,3403.9156,0.27535336,0.35952076
2,0.18431924,1.2568248,0.13992475,1.1468391,0.08999562,6.5182668,12.245262,1.1468391,-228.51433,3836.2643,0.4128146,0.29395937
2,0.047246956,1.6467075,0.11399282,1.7165376,0.09943213,7.8080315,11.075288,1.7165376,-115.92274,2421.8768,0.17390714,0.4044377
2,0.13861421,1.2036679,0.24464218,1.0409249,0.07986563,3.475565,13.066511,1.0409249,-126.56741,1995.152,0.30719496,0.39493368
2,0.093168272,1.3496351,0.20520255,1.184704,0.083073393,4.1831827,12.627925,1.184704,-123.86826,1826.9743,0.21830974,0.41422641
2,0.064142752,1.5016318,0.14916495,1.5695952,0.090045416,5.7962143,12.039006,1.5695952,-170.83366,2763.2995,0.15325728,0.42360012
2,0.052525311,1.5971716,0.11943609,1.7854069,0.096144994,7.3566623,11.565763,1.7854069,-194.79027,3418.2855,0.16970045,0.40556974
2,0.036378455,1.6879398,0.10203074,2.1401627,0.10569672,8.5784529,11.096134,2.1401627,-248.3757,4646.5395,0.099351091,0.43225826
2,0.12513815,1.3936825,0.14293864,1.4520486,0.089149799,6.1733911,12.279251,1.4520486,-201.0357,3422.4881,0.3287615,0.33086129
2,0.041260125,1.6721435,0.11171303,2.1508922,0.097357039,7.7017312,11.442866,2.1508922,-185.80928,3345.3698,0.13984666,0.41995425
2,0.065416588,1.5969922,0.10752833,1.8389609,0.099212097,8.2651715,11.371132,1.8389609,-198.1283,3630.9048,0.22117049,0.3743194
2,0.0623153,1.5399022,0.13267795,1.6223493,0.091987807,6.6123587,11.8725,1.6223493,-183.07924,3056.2061,0.19005249,0.40036923
2,0.069075146,1.5617211,0.11301658,1.9654115,0.09807867,7.7227104,11.671075,1.9654115,-248.22575,4555.054,0.216346,0.36298347
2,0.093554299,1.3629124,0.17053632,1.1778871,0.091040681,5.1997342,11.882685,1.1778871,-178.3155,2826.1086,0.23809246,0.3925753
2,0.035944487,1.6891266,0.11071099,2.1980165,0.098253184,7.7515857,11.501403,2.1980165,-213.98253,3899.7883,0.10098753,0.43550349
2,0.059553314,1.4888159,0.16113433,1.5203759,0.090867341,5.3186358,11.834514,1.5203759,-151.90712,2375.8268,0.13409009,0.43845388
2,0.068185647,1.5142466,0.12245491,1.7754877,0.094540348,7.1524159,11.869563,1.7754877,-236.17173,4052.9997,0.1889336,0.38540629
2,0.082231557,1.4456735,0.13803772,1.3263451,0.091856962,6.5060655,11.893223,1.3263451,-191.39408,3073.5598,0.22271345,0.36181695
2,0.057399763,1.5069322,0.1676853,1.4920096,0.090723912,5.0895796,11.812313,1.4920096,-132.8748,2181.6017,0.13589239,0.42524033
2,0.041531413,1.6207682,0.1422391,2.0261639,0.090502524,5.8026946,11.923687,2.0261639,-148.39406,2545.7857,0.096847547,0.44706408
2,0.042063491,1.655672,0.11617745,2.1383157,0.096252736,7.3564296,11.702278,2.1383157,-216.23788,3943.4809,0.12203763,0.42674885
2,0.05491448,1.6047277,0.12445174,2.1071764,0.091123496,6.7882572,12.05134,2.1071764,-193.14549,3373.6987,0.1828972,0.40449635
2,0.053954299,1.5437543,0.1417639,1.7231869,0.090516254,6.0495202,11.96677,1.7231869,-174.5286,2902.6934,0.14608612,0.41777557
2,0.13388401,1.343615,0.15116991,1.3660988,0.08850578,5.8419589,12.356911,1.3660988,-211.36923,3744.0364,0.33958551,0.32438006
2,0.040009265,1.6482854,0.12916247,2.1084625,0.091982305,6.483382,11.869536,2.1084625,-171.91021,3047.0407,0.1034527,0.43397338
2,0.038706333,1.6608049,0.13043903,2.2401808,0.090095217,6.3045084,12.002876,2.2401808,-151.66375,2679.3959,0.12171504,0.43437098
2,0.069357268,1.5799998,0.12319005,2.0854783,0.090848276,6.8889627,11.998853,2.0854783,-180.88842,3051.1283,0.22913723,0.37388403
2,0.04232787,1.6207255,0.13083592,1.9544815,0.092402414,6.4920388,11.812451,1.9544815,-170.59906,2866.0668,0.11490997,0.44138501
2,0.090378692,1.4322349,0.15919912,1.502606,0.086277306,5.4087262,12.404533,1.502606,-168.07981,2739.1651,0.25581402,0.37033965
2,0.082810293,1.5652533,0.11334393,2.002549,0.093744477,7.6714002,11.831829,2.002549,-201.70159,3570.6054,0.26363567,0.35561488
2,0.047592753,1.640619,0.12015659,2.154541,0.092960106,7.0511369,11.847507,2.154541,-187.85154,3328.2606,0.16552067,0.41233677
2,0.049906359,1.6413379,0.11649585,2.2440731,0.093963132,7.2566796,11.913633,2.2440731,-215.67037,3983.0136,0.17254163,0.40368803
2,0.088360867,1.5306781,0.12051777,1.9434751,0.092481031,7.1732689,11.95341,1.9434751,-208.22264,3611.7431,0.27190026,0.35539008
2,0.046170932,1.65017,0.10356029,2.0091461,0.10100105,8.5175894,11.300018,2.0091461,-229.80658,4164.2836,0.1574853,0.40971456
2,0.038442036,1.7678645,0.086400621,2.8874383,0.10852899,9.8839705,11.121077,2.8874383,-259.95375,5392.3183,0.15626897,0.39373254
2,0.061871256,1.6315664,0.10237178,2.2992263,0.098377847,8.4375008,11.60743,2.2992263,-244.61854,4447.8515,0.21471745,0.37527263
2,0.099116115,1.4415713,0.15517766,1.5615742,0.087662385,5.5356505,12.315986,1.5615742,-165.67274,2887.017,0.27861782,0.34086144
2,0.11194698,1.5092545,0.087982284,1.5880163,0.10499883,10.507114,11.469458,1.5880163,-322.4052,6264.7341,0.31788013,0.32310446
2,0.051261105,1.5775606,0.13080144,1.7286748,0.092433474,6.6517015,11.916643,1.7286748,-197.83729,3398.6779,0.12459745,0.42465575
2,0.065030224,1.6602641,0.082090885,2.1760383,0.11085212,10.974038,11.043616,2.1760383,-285.10765,6028.5953,0.22895206,0.36312193
2,0.035597264,1.672747,0.12199281,1.8634301,0.096344949,7.125602,11.627311,1.8634301,-186.55878,3627.7732,0.080289657,0.44560243
2,0.039917267,1.6293484,0.13493641,1.7266738,0.093751291,6.4135284,11.694531,1.7266738,-164.87197,3000.0065,0.089203236,0.45502346
2,0.027377795,1.7255517,0.10572296,1.6707406,0.11120821,8.5326562,10.277244,1.6707406,-126.60302,2924.6175,0.063677642,0.46020889
2,0.030068902,1.7040865,0.11426183,1.7573683,0.10619478,7.7607785,10.569263,1.7573683,-133.24124,2637.9108,0.073276654,0.46272594
2,0.062878112,1.5911667,0.10366346,1.6480324,0.10312601,8.736625,10.995574,1.6480324,-178.39694,3436.5916,0.21657768,0.39242856
2,0.045119781,1.6218692,0.11188083,1.6506938,0.10156613,8.0182977,11.069333,1.6506938,-177.18874,3192.3619,0.14975217,0.42674088
2,0.044521504,1.5786309,0.14267191,1.4461594,0.095074552,6.1902269,11.406018,1.4461594,-133.66802,2244.1578,0.10244221,0.43904651
2,0.037180504,1.6750416,0.1174487,2.0150509,0.10211046,7.3465844,11.053846,2.0150509,-163.51049,3173.5131,0.11728611,0.43510026
2,0.035354594,1.6551861,0.13068512,1.7373803,0.099259227,6.6529306,11.081491,1.7373803,-134.50105,2436.262,0.086644875,0.45149658
2,0.034087629,1.6937384,0.1037241,1.8665884,0.10602664,8.5942111,10.63069,1.8665884,-134.75036,2736.3573,0.10290426,0.43170834
2,0.036586749,1.6358361,0.14326303,1.6767179,0.096957187,6.0059533,11.170165,1.6767179,-95.32228,1890.3847,0.10337014,0.44461647
2,0.040784672,1.6276435,0.12920167,1.5621972,0.09784476,6.8585408,11.19716,1.5621972,-123.37145,2329.422,0.12335837,0.42872149
2,0.026283238,1.7437736,0.10403718,1.7629545,0.11290401,8.6302171,10.150206,1.7629545,-113.67229,2855.4103,0.0674792,0.45562265
2,0.078899574,1.5433861,0.10197264,1.4192861,0.10331707,9.0364961,11.113551,1.4192861,-205.40123,4000.0312,0.25284293,0.37399779
2,0.064383597,1.5902677,0.098962894,1.6501589,0.10354567,9.1984959,11.03409,1.6501589,-192.86115,3723.0675,0.21675323,0.38350259
2,0.039548658,1.6837065,0.10383248,1.9096703,0.10489189,8.556056,10.750891,1.9096703,-145.03135,2983.4562,0.14647928,0.418058
2,0.040217408,1.6991193,0.093801283,1.9136145,0.10882262,9.5983046,10.632607,1.9136145,-172.77619,3664.9362,0.1536282,0.41645954
2,0.065294251,1.608498,0.097862766,1.757961,0.10277338,9.2472642,11.255443,1.757961,-231.24895,4455.2244,0.22290847,0.38358331
2,0.03452213,1.7343031,0.10108639,2.3417336,0.1053221,8.5352431,10.961482,2.3417336,-188.44132,3745.862,0.12307361,0.41616709
2,0.034133969,1.6663904,0.1166952,1.8333627,0.099365673,7.5253803,11.136288,1.8333627,-155.70092,2719.7523,0.082496306,0.44859413
2,0.036094021,1.671193,0.13176089,2.0461571,0.095097179,6.3702055,11.391413,2.0461571,-117.1837,2202.0344,0.11538154,0.43587067
2,0.023987809,1.7890156,0.11039557,2.4544131,0.10733379,7.5949303,10.45274,2.4544131,-113.89492,2477.6358,0.064118293,0.45939563
2,0.029960877,1.7349234,0.11078721,2.1687207,0.10404912,7.7662032,10.800597,2.1687207,-137.54929,2848.7951,0.097092389,0.43663503
2,0.040256244,1.6503247,0.1316146,1.9164493,0.096808109,6.4733461,11.30065,1.9164493,-123.90188,2386.1576,0.13319589,0.42734254
2,0.17992982,1.2766908,0.14051957,1.2140637,0.089338562,6.4462458,12.293692,1.2140637,-204.44297,3353.4843,0.40954203,0.29631797
2,0.022746376,1.8001554,0.0862399,2.1290745,0.11926768,10.410018,9.9300646,2.1290745,-136.32983,3583.4483,0.056967723,0.45582106
2,0.037264258,1.6304529,0.14388802,1.6833461,0.093631369,5.9702098,11.476461,1.6833461,-111.19815,1959.0187,0.096543937,0.45632066
2,0.038253869,1.6205034,0.15043917,1.6508627,0.094471416,5.6817755,11.375399,1.6508627,-103.41091,1901.75,0.095636339,0.45132967
2,0.027808618,1.7367677,0.11130774,1.9479601,0.1036611,7.8725429,10.819267,1.9479601,-132.1605,2903.8848,0.077874315,0.45144061
2,0.02722702,1.7194236,0.11981314,1.7796257,0.10319579,7.3333966,10.699512,1.7796257,-101.87358,2348.7225,0.062710916,0.46689602
2,0.033232355,1.6733104,0.13183393,1.6996304,0.10253842,6.6101793,10.734324,1.6996304,-112.51087,2180.8693,0.092022855,0.46859458
2,0.080626441,1.5449503,0.11303813,1.6708556,0.097925991,7.9127476,11.436392,1.6708556,-184.70805,3387.2923,0.25527171,0.36214462
2,0.035554854,1.6596979,0.14078223,1.8991481,0.095923694,5.9742436,11.265983,1.8991481,-111.11467,1998.0263,0.090105083,0.4545346
2,0.0473462,1.612011,0.12780022,1.7827683,0.094415039,6.7991047,11.709167,1.7827683,-180.94045,3297.7417,0.1483828,0.42136725
2,0.043446608,1.6207319,0.12934363,1.5919832,0.096397945,6.8305021,11.385964,1.5919832,-139.91366,2590.0463,0.14016789,0.43285764
2,0.028955382,1.7146583,0.1160685,1.7854773,0.10228023,7.6041326,10.876658,1.7854773,-128.54582,2704.2447,0.068588268,0.46071652
2,0.038553159,1.6162434,0.14588253,1.5157607,0.095341981,5.9868646,11.356604,1.5157607,-121.75969,2218.7235,0.08904568,0.460195
2,0.040883836,1.6002396,0.15184044,1.4292075,0.097921877,5.7701722,11.045794,1.4292075,-101.54004,1892.6672,0.11275046,0.45478029
2,0.037545404,1.6410994,0.13712813,1.7488196,0.09944538,6.2764487,11.009315,1.7488196,-128.87513,2237.8634,0.091643403,0.46446254
2,0.074068566,1.4483398,0.13934029,1.2589604,0.094578867,6.4795649,11.630715,1.2589604,-180.21733,2956.7979,0.1912058,0.38871956
2,0.030785698,1.7201908,0.10645935,1.8810332,0.10275254,8.3326967,10.990553,1.8810332,-167.41481,3376.6021,0.087128268,0.44702976
2,0.033326559,1.7172157,0.1133226,2.1320156,0.098202257,7.5834824,11.333703,2.1320156,-147.73302,3008.8237,0.11823167,0.43610028
2,0.046434312,1.6041904,0.1185267,1.4075031,0.099031003,7.6611912,11.283608,1.4075031,-173.44966,3222.0158,0.12909941,0.41425457
2,0.037858529,1.659679,0.12542959,1.7286425,0.097490312,6.9859847,11.271119,1.7286425,-124.4749,2617.3968,0.11652969,0.42380798
2,0.041875159,1.5999114,0.15183006,1.6103861,0.09558283,5.6469394,11.338138,1.6103861,-121.71439,2160.375,0.098020728,0.45603114
2,0.035478988,1.6582728,0.12171353,1.6454965,0.10333321,7.2886145,10.847784,1.6454965,-144.46995,2762.7058,0.08044376,0.44552325
2,0.042111752,1.6129085,0.13614519,1.6452812,0.099229279,6.4009998,11.177387,1.6452812,-155.61608,2728.2505,0.10997448,0.45654289
2,0.049673557,1.5851416,0.11799282,1.5911631,0.099756339,7.5861411,11.371617,1.5911631,-194.67925,3570.9644,0.15182958,0.41704304
2,0.20082632,1.1653295,0.15306596,1.0765727,0.091174263,5.9415977,12.459146,1.0765727,-247.24394,4529.6543,0.42516398,0.27425037
2,0.05048476,1.5940994,0.12582628,1.4680209,0.094430897,7.1290682,11.580579,1.4680209,-151.31652,2713.5681,0.16786849,0.41615214
2,0.042066797,1.6500033,0.11559005,1.7270736,0.095750205,7.6781973,11.558558,1.7270736,-173.38175,3144.5081,0.13949276,0.42713896
2,0.038136368,1.6475384,0.12430173,1.6809231,0.098832597,7.0911307,11.270723,1.6809231,-170.70487,3086.6137,0.090580005,0.46110532
2,0.030715218,1.7342298,0.10662425,2.09097,0.10620802,8.1800899,10.768719,2.09097,-153.27132,3300.134,0.097205972,0.43743937
2,0.03650614,1.6497216,0.13646106,1.7878373,0.096053297,6.2857117,11.289342,1.7878373,-120.88512,2198.9495,0.083307157,0.44936071
2,0.035841511,1.6798755,0.12209141,1.9269708,0.098050177,7.0751495,11.245964,1.9269708,-136.16842,2625.2254,0.11474107,0.43842006
2,0.043069962,1.6503693,0.11434975,1.786606,0.098848449,7.7352646,11.285675,1.786606,-162.6652,3091.2299,0.14528662,0.41701357
2,0.037338067,1.6643797,0.12437006,1.8834812,0.10132986,6.9507578,11.005432,1.8834812,-162.27913,2863.8134,0.10480799,0.4635492
2,0.022517711,1.7853028,0.085562325,1.8547791,0.18353388,10.671588,7.0107146,1.8547791,120.39954,3776.7314,0.060688948,0.46431198
2,0.034864331,1.6693089,0.09814452,1.2777889,0.11890597,9.5040717,10.016006,1.2777889,-171.89124,3695.146,0.091304396,0.46118801
2,0.022209396,1.750941,0.09630695,1.499716,0.18844441,9.5698406,6.9195445,1.499716,62.10991,3000.2557,0.04476591,0.48094084
2,0.023510826,1.7513776,0.09079047,1.4886802,0.18039531,10.211611,7.068829,1.4886802,106.47289,3571.0692,0.056311214,0.47674456
2,0.038958574,1.6665041,0.088817564,1.4356056,0.11665124,10.488663,10.490508,1.4356056,-263.84958,5094.7052,0.10624245,0.44557631
2,0.021286571,1.8092833,0.078187761,1.7039848,0.14060567,11.871712,9.1732654,1.7039848,-125.49813,4562.7501,0.061374066,0.47730264
2,0.023535349,1.7488759,0.10348454,1.6964623,0.20083982,8.7236251,6.446665,1.6964623,91.154615,2828.9356,0.057331075,0.48440657
2,0.037861879,1.642317,0.093427901,1.1468778,0.11645125,10.095627,10.149251,1.1468778,-176.0026,3759.8265,0.11294954,0.45139667
2,0.02852376,1.7509777,0.076552924,1.5135743,0.12482237,12.256288,10.087984,1.5135743,-199.70926,5308.8249,0.095763739,0.43797667
2,0.018558851,1.8207724,0.075656253,1.6772519,0.15054186,12.317809,8.5778272,1.6772519,-29.848473,4389.6371,0.042488436,0.4802844
2,0.020256471,1.8342665,0.067444292,1.8640941,0.14753934,13.827825,8.9489547,1.8640941,-56.451738,5423.7674,0.081659728,0.45160433
2,0.087360036,1.5266291,0.083962038,1.3555526,0.10789899,11.188913,11.257691,1.3555526,-337.18558,6269.9599,0.26117476,0.34597431
2,0.042195758,1.6734036,0.082753456,1.6345793,0.11496366,11.202709,10.68153,1.6345793,-266.80651,5517.7805,0.12750416,0.40176841
2,0.021707035,1.9002767,0.055300846,3.3686606,0.14961097,16.202992,9.2666042,3.3686606,-165.6263,6716.0955,0.09322771,0.40576896
2,0.034270608,1.7727183,0.072037109,2.6224404,0.11605307,12.415981,10.829634,2.6224404,-319.33554,6482.9117,0.11864957,0.4076323
2,0.043977287,1.7326577,0.071086141,2.8349734,0.11719339,12.468057,11.058547,2.8349734,-392.81152,7686.8364,0.15322188,0.38949812
2,0.035834625,1.6782216,0.10189783,1.7038386,0.10853798,8.8714603,10.705135,1.7038386,-200.77333,3898.9448,0.10686561,0.43709481
2,0.032841301,1.669416,0.11145432,1.4929186,0.11002941,8.1507783,10.254322,1.4929186,-129.09248,2587.4423,0.090838079,0.45898993
2,0.20765889,1.277487,0.10330395,1.2428348,0.096963772,9.0130599,11.731327,1.2428348,-264.03218,4614.974,0.44667595,0.2632091
2,0.061664877,1.6202966,0.085683409,2.0207605,0.11134239,10.5537,10.932702,2.0207605,-299.06123,5672.4091,0.21171555,0.38043352
2,0.10996815,1.4499265,0.10339111,1.5532512,0.099303246,8.8203566,11.636367,1.5532512,-292.55883,5165.3077,0.30653281,0.33857247
2,0.041968336,1.672749,0.1071036,2.0476354,0.10093215,8.1659611,11.360735,2.0476354,-219.8656,4231.1635,0.13983615,0.41134444
2,0.061346207,1.4807689,0.17061891,1.6158585,0.089317838,4.8932642,12.086159,1.6158585,-154.13596,2650.3056,0.14068441,0.4307737
2,0.03099999,1.7233111,0.098900286,1.9774106,0.1107173,9.0003365,10.624599,1.9774106,-221.38816,4156.7511,0.08267253,0.47230363
2,0.02594093,1.77271,0.082409721,2.0791802,0.12399383,10.986224,9.9789062,2.0791802,-221.72164,4717.8117,0.063561386,0.45190264
2,0.041486007,1.7063279,0.08189809,2.0673658,0.11808081,11.070265,10.409321,2.0673658,-246.05009,5182.1069,0.15259486,0.39989408
2,0.079347744,1.56218,0.091684042,1.8038528,0.10538723,9.9152409,11.269658,1.8038528,-296.02962,5497.8005,0.25316484,0.36531144
2,0.068956075,1.5912307,0.095323325,1.9955941,0.10621499,9.3742371,11.183391,1.9955941,-272.2482,5179.0473,0.22671614,0.37169843
2,0.035554457,1.6816772,0.10203389,2.1000506,0.10218565,8.6048805,11.293831,2.1000506,-253.99547,4499.7893,0.081030778,0.4590221
2,0.038937384,1.6832098,0.0885437,2.0357654,0.10951644,10.162892,10.863669,2.0357654,-272.61552,5034.0721,0.12645369,0.42454757
2,0.068864857,1.5697775,0.095341908,2.0136407,0.10367092,9.3607321,11.362882,2.0136407,-302.0057,5457.8342,0.22239357,0.37729174
2,0.16197272,1.3767107,0.10331415,1.5467898,0.09866012,8.8317064,11.492747,1.5467898,-215.21375,3948.2783,0.39033471,0.29269959
2,0.024077247,1.8134902,0.090694807,2.5773423,0.11924987,9.5362162,9.9555165,2.5773423,-139.53688,3569.0047,0.070079582,0.44017444
2,0.026961305,1.7705571,0.09596493,2.3761155,0.1174539,9.0530298,10.018262,2.3761155,-161.93561,3397.7476,0.07631593,0.45353939
2,0.049111421,1.6949178,0.08778758,2.1045497,0.11144247,10.217903,10.367133,2.1045497,-119.84579,3366.3572,0.18875221,0.38669274
2,0.15045462,1.4345507,0.086434493,1.7147764,0.10482957,10.636945,11.225851,1.7147764,-251.66763,5036.8932,0.37727196,0.29647919
2,0.084873752,1.5766778,0.086297491,1.8465677,0.11117808,10.576206,10.681882,1.8465677,-191.27811,4513.0701,0.26885759,0.35293663
2,0.17058695,1.3427479,0.096096845,1.1528969,0.10098257,9.7937115,11.32444,1.1528969,-215.93385,4178.4685,0.40172003,0.28983834
2,0.023963684,1.8001318,0.097708456,2.3833217,0.12596373,8.8574498,9.4906298,2.3833217,-127.12386,3254.7093,0.056648555,0.46235753
2,0.051825023,1.6473564,0.099515587,1.8042418,0.10638662,9.0465461,10.778264,1.8042418,-164.05892,3676.4628,0.1879759,0.39756561
2,0.16477939,1.4058292,0.088659182,1.7508929,0.10189359,10.322677,11.347802,1.7508929,-232.98186,4475.8369,0.39697106,0.28828009
2,0.041255184,1.7286404,0.079187493,2.1715223,0.12394465,11.4282,9.7047031,2.1715223,-86.853169,4008.0967,0.16488517,0.39202476
2,0.041122704,1.7208625,0.087589627,2.191869,0.11715463,10.18905,10.149416,2.191869,-134.79556,4034.228,0.15831277,0.40349297
2,0.030642056,1.7657123,0.087442064,2.2100529,0.12188593,10.196764,9.8806736,2.2100529,-132.3389,4084.4679,0.11408136,0.42571008
2,0.022537504,1.8011328,0.10243926,2.1978448,0.12756584,8.4993246,9.1845142,2.1978448,-68.809407,2735.6953,0.058313164,0.46163957
2,0.047953065,1.7046845,0.084932667,2.0489998,0.11863088,10.64045,10.096013,2.0489998,-126.09349,4144.7111,0.18443603,0.38849179
2,0.043171025,1.675219,0.10072894,1.9203249,0.10722808,8.8509784,10.583242,1.9203249,-129.04475,3133.6208,0.15743323,0.40484444
2,0.027026675,1.7656331,0.095665147,2.0567568,0.12111496,9.2969767,9.6608349,2.0567568,-73.284069,3145.8489,0.091146254,0.43607258
2,0.045001664,1.6297489,0.10500615,1.5799762,0.11146378,8.6538943,10.069188,1.5799762,-53.128641,2463.6942,0.16101115,0.40285554
2,0.10628688,1.5380236,0.084922435,1.768019,0.10912552,10.812678,10.792255,1.768019,-181.77548,4374.738,0.31096254,0.33083818
